case_id,uploadavg,type,toanslinesavg,answer_rateavg,final_score,first_score,total_time,timeavg,average_change
2908,5.180851064,字符串,2.737234043,67.60574468,97.87234043,87.23404255,172291633.2,22171862.01,10.63829787
2172,3.295454545,线性表,0.899629972,40.44295455,100,88.65276596,35200.82979,10017583.63,11.34723404
2179,1.270833333,数组,0.82484431,54.471875,100,80.31914894,42110007.26,8668141.558,19.68085106
2176,3.140740741,数组,0.628430466,62.14659259,100,79.78723404,62548904.66,89072207.89,20.21276596
2307,1.75,数组,0.749360614,60.09729167,100,89.13043478,299643.087,52054786.77,10.86956522
2804,2.211538462,数组,15.42553191,73.28384615,100,86.17021277,6105400.255,9679336.4,13.82978723
2456,1.397849462,数组,2.1,65.27322581,100,97.87234043,9597715.043,5371442.861,2.127659574
2450,1.706521739,查找算法,0.173913044,55.77326087,100,73.91326087,197712.9348,5953580.419,26.08673913
2081,1.8,字符串,0.10306845,64.962,95.12195122,82.5,12955881.41,6520996.911,12.62195122
2180,4.173333333,字符串,0.825252525,48.67106667,100,58.33333333,11737794.44,94340029.31,41.66666667
2190,4.615384615,字符串,0.610565111,41.23589744,94.32432432,52.43243243,235692404.9,35916943.88,41.89189189
2177,4.5,字符串,3.587962963,0,94.44444444,66.35805556,56244987.31,12116592.35,28.08638889
2892,3.619047619,字符串,0.384615385,58.58357143,100,44.44444444,97811521.08,13261933.09,55.55555556
2188,2.029411765,字符串,0.80585537,55.14617647,89.30470588,56.95176471,110789996.4,53032669.65,32.35294118
2199,4.96969697,字符串,0.625884017,55.85606061,93.92857143,73.21428571,6653601,2840354.635,20.71428571
2198,3.736842105,字符串,0.692418981,51.40842105,97.03703704,74.81481481,4257004.185,25879682.9,22.22222222
2164,1.432432432,字符串,1.323529412,67.84513514,97.11538462,76.92307692,4449042.192,1077703.661,20.19230769
2531,1.436781609,字符串,9.016374713,63.99850575,90.38461538,67.30769231,36850521.04,517385.512,23.07692308
2894,2.317073171,字符串,0.564425771,55.51829268,78.04214286,33.33333333,601622169,18512092.1,44.70880952
2530,1.67816092,字符串,4.148757374,63.3037931,100,87.23404255,39959.85106,422161.3082,12.76595745
2200,3.282051282,字符串,0.511111111,55.17615385,99.44444444,87.77777778,51368880.31,596926.6016,11.66666667
2936,3.955555556,字符串,0.780846064,45.92266667,100,89.13043478,45248553.07,23537741.72,10.86956522
2474,1.666666667,线性表,0.715667311,53.86733333,100,95.74468085,5422565.872,1486157.72,4.255319149
2173,1.239130435,线性表,3.648148148,64.46,100,81.11111111,642430.8,783874.5088,18.88888889
2171,1.6,线性表,0.014066496,57.40955556,100,85.5073913,2307421.935,1486714.125,14.4926087
2647,2.837209302,线性表,1.206521738,64.07860465,100,87.5,614057.7174,404307.9755,12.5
2548,2.837209302,线性表,0.781634938,53.59093023,100,94.32617021,38378.3617,2618893.065,5.673829787
2547,1.739130435,线性表,0.152661065,56.00391304,99.20642857,93.65071429,104080.7143,37736724.25,5.555714286
2589,1.347826087,线性表,0.12605042,59.92956522,100,97.61904762,149371.0714,342108.5161,2.380952381
2169,1.704545455,线性表,4.776627219,45.91204545,85.57692308,63.46153846,24494972.77,1757026,22.11538462
2145,1.302325581,线性表,0.505982906,57.56232558,94.074,65.185,32822225.63,28907352.34,28.889
2607,2.065217391,线性表,0.603703703,57.2323913,97.77777778,86.66666667,68844040.18,63945024.17,11.11111111
2629,2.615384615,线性表,1.997584541,61.9125641,100,85.5073913,51284694,7169807.01,14.4926087
2561,1.326086957,线性表,0.737804878,55.75413043,100,94.69704545,15819.09091,6879865.197,5.302954545
2186,1.391304348,线性表,2.179347825,66.1223913,100,86.23195652,46354184.02,288121.3281,13.76804348
2142,3.023255814,线性表,0.613272311,53.44860465,100,89.855,130606.0652,9596308.34,10.145
2185,1.934782609,线性表,0.201086957,56.8276087,100,89.855,54932.13043,10904849.38,10.145
2482,2.282608696,线性表,0.434210526,46.26608696,100,84.78282609,676062.3261,11340526.35,15.21717391
2141,1.755555556,线性表,0.354166667,67.67222222,100,93.18181818,112615.9318,502810.9114,6.818181818
2184,1.282608696,线性表,15.29375,71.41934783,95,70.625,31251386.73,11665476.34,24.375
2140,4.219512195,线性表,0.112169312,52.25658537,100,95.55577778,10672161.22,2246082.075,4.444222222
2183,1.304347826,线性表,15.14919355,67.71130435,86.0216129,53.49483871,194599468.5,21107.66667,32.52677419
2182,1.488888889,线性表,0.597402597,50.68466667,100,90.90909091,7173825.5,17746332.91,9.090909091
2181,1.47826087,线性表,0.948051949,69.53586957,100,94.31818182,23531.56818,216827.0736,5.681818182
2614,1.565217391,线性表,0.298295454,60.69347826,100,93.18181818,18844.29545,38386322.41,6.818181818
2558,2.822222222,线性表,0.224747475,52.82666667,100,90.90909091,62008.06818,26593972.44,9.090909091
2610,2.152173913,线性表,0.160683761,55.51934783,99.25933333,88.14844444,277809.9333,46842316.45,11.11088889
2212,1.195652174,线性表,0.402222222,58.90304348,100,67.22222222,47898109.67,5559.218182,32.77777778
2618,1.725,线性表,0.106878307,70.109,100,97.778,17314.53333,11740376.14,2.222
2617,1.5,线性表,0.496753247,59.02928571,100,95.45454545,6180730.477,26350160.51,4.545454545
2615,1.452380952,线性表,1.206845238,48.53833333,95.83333333,67.70833333,12213237.83,5216335.164,28.125
2494,1.21641791,数组,5.090909091,66.81843284,96.15384615,74.35884615,50739353.73,35022868.71,21.795
2373,2.113636364,数组,0.334883721,56.27409091,100,82.17046512,406835.1628,11645459.15,17.82953488
2252,1.8,数组,0.151041667,55.75933333,100,86.80583333,50009070.13,14981814.34,13.19416667
2395,1.822222222,数组,0.205681818,55.41511111,100,93.18181818,88961.97727,1136053.451,6.818181818
2394,1.888888889,数组,0.289640592,63.25688889,100,89.53488372,3726147.302,16598810.06,10.46511628
2371,1.4,数组,0.012121212,60.90422222,100,92.04545455,135019.6364,31249.22222,7.954545455
2392,1.177777778,数组,0.378125,60.22311111,100,85,47768.425,6332.905661,15
2701,1.917293233,数组,0.309506301,42.49962406,100,85.36585366,3970473.024,16477244.47,14.63414634
2426,1.066666667,数组,0.430785124,61.698,100,94.69704545,18549.54545,8317.145833,5.302954545
2425,1.511111111,数组,0.341545353,59.35511111,100,93.61702128,9449627.489,40381.05883,6.382978723
2424,1.333333333,数组,0.324473976,63.17066667,100,86.04674419,1119128.512,20346.51667,13.95325581
2203,2.285714286,数组,0.916834147,50.52428571,100,96.89930233,1835185.465,63389298.92,3.100697674
2467,1.215053763,数组,0.139610389,66.30096774,100,92.61363636,54179.02273,23766310.96,7.386363636
2346,2.431818182,数组,0.565891473,42.71363636,100,93.02325581,32177657.79,42002085.46,6.976744186
2423,1.488888889,数组,0.08875,64.02933333,100,84,65296026.64,388968.6119,16
2466,1.456521739,数组,0.166489926,53.62,94.63414634,66.82926829,9477370.707,489210.9254,27.80487805
2345,1.640449438,数组,0.164197531,57.9711236,100,66.66666667,882712.4889,27075.56849,33.33333333
2389,1.704545455,数组,1.300211416,59.9775,97.6744186,58.13953488,29012094.98,20905.41333,39.53488372
2344,1.681818182,数组,0.021233569,69.465,100,90.69767442,37646784.44,1312577.27,9.302325581
2388,1.088888889,数组,2.402380952,64.73911111,98.57142857,82.85714286,34964968.26,15211.48979,15.71428571
2442,1.562043796,数组,28.94791855,60.16489051,95.85258065,77.88032258,54889378.35,10668887.16,17.97225806
2209,3.141025641,数组,0.565591398,52.67538462,94.19354839,78.70967742,12362492.87,55763105.4,15.48387097
2527,2.056910569,数组,24.36597899,55.52577236,92.15705882,71.89529412,98470379,16889710.8,20.26176471
2342,2.386363636,数组,1.971509972,56.78590909,97.03703704,74.44444444,91898354.89,11640535.84,22.59259259
2386,2.511111111,数组,0.58976834,53.93911111,100,76.78571429,17946327.96,67732.6991,23.21428571
2341,1.636363636,数组,0.957746479,60.54568182,100,78.87323944,3863861.704,32261095.17,21.12676056
2340,2.202247191,数组,0.132600733,51.32258427,100,80.58648352,2527860.418,10109568.78,19.41351648
2283,1.4,数组,0.181818182,71.00977778,100,97.7275,9545.840909,51844168.48,2.2725
2061,1.382978723,数组,0.200793651,72.8287234,97.61904762,90.47619048,2190729.667,124580104,7.142857143
2280,1.377777778,数组,4.529080675,63.02933333,100,95.12195122,2482.609756,14612.5,4.87804878
2438,1.489361702,数组,32.21428571,76.69914894,98.80952381,88.69047619,15329859.45,7715750.3,10.11904762
2339,1.640449438,数组,0.990476191,0,100,86.9047619,3753145.619,645128.8149,13.0952381
2338,1.391304348,数组,0.032055749,57.39891304,100,90.24390244,131274.6585,52748410.25,9.756097561
2359,1.533333333,数组,0.710963455,56.224,100,87.20930233,544332.907,85878.56524,12.79069767
2358,1.466666667,数组,0.388111888,74.15666667,100,97.72727273,19821.36364,52069.07576,2.272727273
2357,1.136363636,数组,0.224206349,61.26136364,100,67.06357143,25410337.11,6402,32.93642857
2356,2.136363636,数组,0.049612403,56.88954545,100,75.58139535,324805.6047,4115771.085,24.41860465
2279,2.088888889,数组,0.293436293,53.22155556,100,86.48648649,1543737.676,10828744.72,13.51351351
2498,1.239130435,数组,7.089596447,62.9773913,100,78.37837838,141292.3243,14982.35088,21.62162162
2278,1.704545455,数组,0.071637427,61.09113636,95.55555556,60.55555556,68917789.89,32792.13333,35
2211,1.773809524,数组,0.738423645,54.76440476,100,86.20689655,7456585.69,8412614.669,13.79310345
2718,2.436781609,数组,1.330379385,46.44143678,89.54545455,69.77272727,64117792.82,62642805.71,19.77272727
2463,1.977777778,查找算法,0.827020202,0,100,80.11363636,2994930.682,27945156.12,19.88636364
2451,1.538461538,查找算法,0.237777778,64.31714286,100,66.66666667,2378742.6,1430478.4,33.33333333
2462,2.840909091,查找算法,1.684491979,60.76477273,95,63.63636364,33012491.5,24324514.86,31.36363636
2461,1.351648352,查找算法,0.138339921,0,100,86.52173913,971322.7609,19728539.71,13.47826087
2537,1.622222222,查找算法,17.38235294,72.996,81.17647059,63.52941176,146684216.8,79536.91784,17.64705882
2449,1.692307692,查找算法,2.21,63.29857143,96.66666667,76.66666667,64852421.87,140254.2662,20
2514,1.461538462,查找算法,0.168518519,62.99483516,98.14814815,64.44444444,279752712.2,24117579.86,33.7037037
2445,2.042553191,查找算法,1.764705882,65.09042553,94.11764706,67.05882353,54524665.59,35830917.39,27.05882353
2741,1.36,查找算法,8.566961815,62.25806667,93.58974359,67.94871795,141510205.5,1751360.451,25.64102564
2542,1.245033113,查找算法,4.699032258,58.99298013,100,91.4893617,11015763.23,555664.1595,8.510638298
2454,1.822222222,查找算法,2.204444444,77.02755556,84.26666667,45.6,393712389,66263924.3,38.66666667
2465,1.844444444,查找算法,0.5,0,100,91.30434783,320526.9783,32522696.12,8.695652174
2453,1.244444444,查找算法,0.066666667,0,100,81.33333333,26422317.89,29889.98214,18.66666667
2464,1.455555556,查找算法,0.584541063,56.36977778,100,86.95652174,27531.73913,47777584.21,13.04347826
2506,2.021978022,查找算法,0.712893553,56.85175824,100,86.41304348,14962241.39,3839169.527,13.58695652
2505,1.739130435,查找算法,0.839464883,68.02565217,96.19565217,68.47826087,21098512.93,60438758.99,27.7173913
2535,1.328947368,排序算法,0.925110132,58.5125,100,86.95652174,400864.4565,44666718.14,13.04347826
2534,1.447619048,排序算法,4.435517971,76.73790476,100,82.17046512,3835037.209,15599641.47,17.82953488
2412,3.057142857,排序算法,0.673341677,51.40942857,97.05882353,76.47058824,107625123.7,21532347.41,20.58823529
2444,2.396694215,排序算法,0.778753841,59.11760331,100,86.58536585,8650970.732,32423702.25,13.41463415
2387,2.46875,排序算法,0.565527066,58.7421875,93.58923077,56.40974359,165770510.2,23807037.04,37.17948718
2441,1.261363636,排序算法,8.133333332,83.61852273,100,78.57142857,10709304.95,4385537.153,21.42857143
2396,2.444444444,排序算法,0.520833333,58.67711111,91.26952381,66.66571429,107529106.9,3345868.736,24.60380952
2440,1.402985075,排序算法,2.606625259,82.8511194,100,69.04761905,43288121.98,4612775.085,30.95238095
2152,1.704225352,排序算法,0.707825203,54.37309859,100,82.92682927,56413948.12,2267224.636,17.07317073
2490,1.375,排序算法,8.345335942,68.72931818,87.42857143,49.42857143,33735328.29,21057863.05,38
2070,2.652173913,数字操作,0.364227642,0,100,95.12195122,25335059.71,74547.50001,4.87804878
2111,1.608695652,数字操作,0.400717703,0,76.31578947,51.05263158,96708288.74,420254.9595,25.26315789
2099,1.239130435,数字操作,1.479338843,64.24434783,95.15151515,67.87878788,14115701.82,495555.3509,27.27272727
2110,1.456521739,数字操作,1.804195805,57.87978261,94.87179487,64.87179487,1959143.718,37714.59701,30
2153,1.78021978,数字操作,0.146666667,64.03934066,100,96.19047619,25856.21429,1419970.976,3.80952381
2098,2.586956522,数字操作,0.768181818,56.01152174,100,70.625,31374265.6,891944.6135,29.375
2097,1.8,数字操作,0.041184041,49.21555556,97.61904762,74.60309524,144889826.1,356906,23.01595238
2096,1.191489362,数字操作,0.217460317,0,100,80.95238095,66361.5,4551082.071,19.04761905
2095,1.217391304,数字操作,0.183333333,57.40478261,98.3335,78.3335,114681217.5,37168454.31,20
2094,1.8,数字操作,0.868292683,65.25711111,100,86.17878049,36671,28538266.84,13.82121951
2093,1.234042553,数字操作,0.376373627,54.52851064,98.41285714,80.15880952,291771.9286,32381.25862,18.25404762
2108,1.304347826,数字操作,0.138763198,0,97.43589744,61.53846154,100056838.5,35538207.75,35.8974359
2106,1.5,数字操作,0.244215134,65.66891304,90.51282051,56.15384615,175153343.9,34189796,34.35897436
2127,1.520833333,数字操作,1.563409563,69.101875,100,71.17189189,88340104.65,32882676.25,28.82810811
2105,1.333333333,数字操作,3.006802721,57.18155556,96.9047619,88.80952381,14922376.02,51633030.14,8.095238095
2069,1.127659574,数字操作,0.026570048,72.81085106,100,92.39130435,6646.891304,8511181.265,7.608695652
2068,1.808510638,数字操作,0.686021505,57.67276596,100,87.09677419,399996.4516,3375927.2,12.90322581
2109,1.282608696,数字操作,0.269767442,73.57826087,100,84.49651163,104116.907,101828.4576,15.50348837
2067,1.413043478,数字操作,0.524630542,51.23195652,95.23809524,85.36585366,34671041.67,212055.1077,9.87224158
2584,1.209090909,数字操作,1.488802337,0,98.73417722,79.74683544,900897.5823,17446842.19,18.98734177
2100,1.14893617,数字操作,1.067750678,71.33702128,100,87.80487805,10495155.12,33403.38889,12.19512195
2122,1.066666667,数字操作,0.565891473,55.532,97.6744186,84.49627907,1636926.767,16232.375,13.17813953
2121,1.955555556,数字操作,0.3089701,56.81644444,97.6744186,90.11627907,1897242.372,24493351.54,7.558139535
2065,1.872340426,数字操作,0.947089947,50.5306383,93.51851852,75.92592593,45184267.41,33406801.35,17.59259259
2120,1.422222222,数字操作,2.629385965,53.13444444,100,66.22789474,63588140.55,195335.1094,33.77210526
2064,1.829787234,数字操作,1.683473389,50.86021277,97.61904762,76.66666667,32331992.83,23013608.62,20.95238095
2063,1.553191489,数字操作,0.162464986,70.15106383,98.41261905,80.95214286,104181525.3,22663.54795,17.46047619
2117,1.136363636,数字操作,1.186046511,61.55590909,100,77.51953488,164015.7442,20707.78,22.48046512
2116,1.272727273,数字操作,0.2375,54.82113636,100,88.33325,45199.1,5636577.179,11.66675
2114,1.2,数字操作,0.043927648,54.91,97.6744186,86.04651163,186915.3488,8893467.683,11.62790698
2113,2.175,数字操作,0.4125,39.21125,91.66666667,68.51833333,166046376.9,14368453.67,23.14833333
2134,1.404255319,数字操作,0.422764228,61.9306383,100,78.04853659,842251.1463,6729280.182,21.95146341
2080,1.658536585,图结构,0.662000596,60.42341463,100,89.9227907,13348.69767,7811634.38,10.0772093
2088,3.714285714,图结构,0.678354978,44.27285714,100,95.23809524,674845.0952,1791354.115,4.761904762
2087,6.352941176,图结构,0.603150788,43.29323529,100,79.65116279,148481.1628,17439166.1,20.34883721
2086,2.472222222,图结构,0.035714286,47.99972222,99.02607143,70.455,153086825.5,39564210.77,28.57107143
2085,4.388888889,图结构,0.460362173,36.62083333,98.09542857,82.85742857,61893390.57,12815313.56,15.238
2084,5.432432432,图结构,0.437342304,37.79027027,100,68.96551724,86461526.52,43386164.09,31.03448276
2196,4.057142857,字符串,0.632668145,40.63114286,94.44484848,64.64636364,185672150.8,8315045.705,29.79848485
2178,2.41025641,字符串,0.40882353,56.42794872,94.11735294,66.66617647,12994607.65,58711681.01,27.45117647
2592,2.195121951,线性表,0.779279279,61.64097561,99.32432432,66.21621622,2032691.243,5070843.956,33.10810811
2193,2.285714286,数组,0.899585921,46.86095238,100,86.50785714,18692.95238,47043984.27,13.49214286
2397,7.377777778,查找算法,0.707692308,44.84666667,100,78.20512821,95003174.77,17243472.2,21.79487179
2174,2.985294118,查找算法,0.848440066,0,99.4047619,89.88095238,7302484.786,49135599.72,9.523809524
2115,3.774193548,查找算法,0.85659712,40.43596774,100,93.90243902,88162.58537,51560542.94,6.097560976
2390,5.970588235,排序算法,0.924736495,40.43235294,100,86.36363636,14203364.91,23402990.61,13.63636364
2126,1.534883721,数字操作,0.418386492,57.12255814,98.37390244,90.24390244,234568.0976,265059.2727,8.13
2119,1.340909091,数字操作,0.098844673,63.22136364,100,80.48780488,10505957.76,46243.30508,19.51219512
2253,2.90625,树结构,0.870062696,45.1371875,100,95.45454545,58451.84091,23052684.41,4.545454545
2296,2.184615385,树结构,0.751631742,40.59938462,100,82.43902439,1273008.976,7167474.586,17.56097561
2295,2.578947368,树结构,0.615,41.42078947,100,89.25,42568914.08,165852.1224,10.75
2273,3.211538462,树结构,0.866071429,42.43884615,100,76.82926829,162374.9512,13298938.71,23.17073171
2151,1.678571429,树结构,18.075,78.96125,100,74.375,4362344.6,10691429.42,25.625
2291,1.866666667,树结构,0.621848739,50.55033333,98.80952381,73.80952381,168510921.8,1066486.339,25
2304,3.181818182,树结构,0.327582149,41.14909091,100,74.41860465,9319017.93,27397864.74,25.58139535
2149,2.078431373,树结构,0.660547504,0,96.11111111,77.22222222,26967265.82,47377257.82,18.88888889
2301,1.821428571,树结构,0.473323171,48.22035714,95.8334375,66.66625,66996864.06,28026.54902,29.1671875
2289,2.296296296,树结构,0.375921376,49.46814815,96.08108108,78.64864865,45488078.78,5972588.373,17.43243243
2168,2.454545455,树结构,0.349242923,51.20363636,98.06451613,72.90322581,87001044.03,26122063.74,25.16129032
2300,3.774193548,树结构,4.318877551,54.59129032,96.42857143,69.64285714,69095555.82,29335428.48,26.78571429
2266,2.965517241,树结构,0.81245124,48.00413793,90.22965517,59.77,61595354.86,20770526.64,30.45965517
2288,2.481481481,树结构,2.809171598,50.05222222,95,73.46153846,42710053.17,22986320.72,21.53846154
2167,1.327586207,树结构,0.845100607,72.17810345,94.59459459,65.76567568,245320554.1,5616648.961,28.82891892
2308,2.276315789,树结构,0.644152595,47.35302632,97.43589744,79.1025641,56264171.38,12707206.51,18.33333333
2406,2.85,树结构,0.886129618,52.50416667,100,78.46153846,100782709.4,48703316.67,21.53846154
2286,1.833333333,树结构,0.263257576,58.308,100,76.13636364,55895.68182,6128973.491,23.86363636
2383,3.206896552,树结构,0.187581699,52.00517241,98.22222222,82.66666667,22620044.53,11518029.23,15.55555556
2415,1.833333333,树结构,0.487242799,45.22016667,100,87.40733333,20132.77778,27054297.23,12.59266667
2315,1.5,树结构,0.77120383,48.72473684,100,79.73418605,44331.76744,27463284.05,20.26581395
2237,1.837837838,树结构,0.774796748,61.19486486,100,92.68292683,31277.58537,1106023.176,7.317073171
2236,2.617647059,树结构,0.871965812,46.51588235,100,75.11111111,72581835.87,4964232.136,24.88888889
2312,2.026315789,树结构,0.44796748,59.56157895,100,88.29268293,61140836.07,20804536.97,11.70731707
2378,2.893939394,树结构,0.468834688,39.76984848,100,90.24390244,6698.536585,6542051.036,9.756097561
2311,3.529411765,树结构,0.607602339,46.915,100,80.66666667,11236451.4,51518633.14,19.33333333
2299,1.9375,树结构,0.407575758,49.6596875,99,75,2045277.625,15912024.08,24
2439,1.797101449,树结构,0.012345679,48.35043478,93.82703704,73.4562963,57040129.19,14300888.11,20.37074074
2091,3.846153846,图结构,0.339814815,43.27153846,95.55555556,76.2962963,13714832.56,9581135.47,19.25925926
2090,2.384615385,图结构,0.890746753,45.84538462,97.72727273,59.09090909,24271649.48,1865727.371,38.63636364
2089,2.148148148,图结构,0.729971989,48.90444444,100,82,1990774.5,1981708.845,18
2139,1.56,图结构,0.632785467,60.3444,100,94.11764706,22425545.56,41856427.33,5.882352941
2104,3.533333333,图结构,0.777901786,52.378,100,97.14285714,6567.142857,9289309.141,2.857142857
2103,3.076923077,图结构,0.693336076,36.40346154,100,87.64705882,3665382.294,7960866.15,12.35294118
2124,3.041666667,图结构,0.764105263,44.29125,96.84210526,71.57894737,427723.8947,4015311.067,25.26315789
2309,3.263157895,图结构,0.446955128,0,98.84615385,83.84615385,15658175.25,15606725.82,15
2791,1.8,数组,2.764444444,59.508,96.44444444,74.54545455,31187289.02,35606.96667,21.8989899
2790,1.58,数组,6.338383838,62.988,100,99.39393939,1233.969697,1841899.367,0.606060606
2789,1.693877551,数组,3.671875,63.22285714,92.5,80.625,30829546.66,65814733.68,11.875
2800,1.08,数组,1.858064516,64.1332,98.70967742,74.19354839,110717584.9,173166.9444,24.51612903
2822,2.270833333,数组,0.641483517,49.06104167,95.23785714,82.1425,51048.35714,17238201.7,13.09535714
2821,1.37254902,数组,3.535714286,56.13568627,100,95.88235294,8777537.824,102984.1143,4.117647059
2820,1.274509804,数组,2.53877551,68.23,100,74.28571429,34246979.77,130388.0307,25.71428571
2809,1.346938776,数组,22.07359307,63.76306122,95.77922078,65.46052632,87175024.16,10995260.44,30.31869446
2808,1.612244898,数组,8.313364056,65.85469388,85.30419355,64.44451613,77992041.39,888448.658,20.85967742
2829,1.68,数组,11.02631579,65.7098,92.10526316,71.05263158,30451383.21,105303.9048,21.05263158
2807,1.224489796,数组,0.628205128,56.84489796,96.875,73.4375,91095876.85,892621.1004,23.4375
2806,1.84,数组,5.014802631,59.197,94.95618421,80.04394737,28925614.82,4734569.75,14.91223684
2828,1.265306122,数组,24.56578948,67.6855102,98.35526316,79.27631579,50927210.58,72077.93548,19.07894737
2827,1.607843137,数组,27.41935484,78.28529412,98.70967742,58.06451613,184437509.2,623748.2928,40.64516129
2805,2.666666667,数组,3.101604278,62.74098039,92.64705882,57.35294118,181830469.9,67549.0809,35.29411765
2826,2.020408163,数组,0.542105263,63.71755102,96.71052632,83.22368421,42156561.76,22113282.06,13.48684211
2825,1.509803922,数组,9.364102564,64.80176471,92.30769231,60,216775184.5,1146131.052,32.30769231
2847,1.12,数组,4.957142858,70.042,100,63.80942857,431633.6,4950.178571,36.19057143
2803,1.392156863,数组,3.515037594,66.42019608,97.89473684,78.94736842,41194926.08,1411265.55,18.94736842
2846,1.7,数组,14.8,72.3954,89,47.66666667,96160968.6,34683034.54,41.33333333
2802,1.7,数组,0.030018762,54.859,100,80.97560976,948892.3171,13265887.11,19.02439024
2812,1.784313725,数组,15.93137255,71.79137255,96.07852941,62.255,254312374.7,576215.1097,33.82352941
2811,1.807692308,数组,1.10782241,58.76538462,100,69.76744186,5484783.837,5661030.396,30.23255814
2833,1.46,数组,2.79375,64.8692,100,79.5,1067358,31382.53425,20.5
2799,3.387755102,数组,0.883575884,56.78244898,100,69.18918919,110136643.8,32786815.33,30.81081081
2810,2.347826087,数组,0.254901961,55.97086957,98.97435897,74.35897436,1470532.949,4013166.713,24.61538462
2798,3.522727273,数组,0.435103245,56.18545455,99.54545455,81.81818182,862389.9318,52372030.71,17.72727273
2795,3.88,数组,0.0390625,50.566,100,84,92675425.05,12572669.05,16
2794,1.170212766,数组,0.947826087,61.05382979,98.69565217,72.60869565,28724682.54,39433.27273,26.08695652
2818,1.568627451,数组,4.04054054,63.17313725,99.45945946,81.08108108,321398.7568,31716957.08,18.37837838
2839,1.18,数组,1.424242425,71.9406,97.72727273,80,15159021.98,6765.779661,17.72727273
2817,1.87755102,数组,2.325581396,63.33510204,100,68.37209302,3383016.977,4587981.826,31.62790698
2816,1.469387755,数组,10.21296296,68.93857143,98.33333333,70,57655262.64,20767.36111,28.33333333
2814,2.714285714,数组,2.394736842,62.78653061,96.71052632,55.92105263,102015123.8,25067046.11,40.78947368
2813,3.367346939,数组,0.64983165,54.25346939,88.18181818,65.45454545,89610459.3,10161137.11,22.72727273
2793,3.534883721,数组,0.811965812,61.4272093,100,84.02777778,26314582.33,50675723.6,15.97222222
2792,1.568181818,数组,2.772727272,61.69659091,100,75.45454545,89177858.23,13672819.15,24.54545455
2801,1.204545455,数组,0.8,62.34204545,99.44444444,82.77777778,523115.8889,24678.69812,16.66666667
2788,2.255813953,数组,0.103980986,55.26139535,99.5959596,83.83838384,2241945.727,3719065.145,15.75757576
2787,1.658536585,数组,4.675438597,61.29390244,97.36842105,47.36842105,62562138.92,106763052.6,50
2786,2.166666667,数组,7.912698413,63.53595238,93.61111111,65.83333333,134156672.4,1573994.34,27.77777778
2797,1.613636364,数组,0.511705685,56.74568182,98.36956522,83.15217391,73389092.52,1061584.507,15.2173913
2785,3.844444444,数组,0.243445693,56.36822222,98.68910112,87.07865169,1058301.202,8036444.908,11.61044944
2796,1.681818182,数组,3.619850187,62.54886364,98.03370787,80.8988764,22263769.45,46654.17568,17.13483146
2784,1.904761905,数组,1.747474748,60.84238095,99.09090909,71.81818182,52790883,26489649.47,27.27272727
2783,2.234042553,数组,0.325757576,54.08170213,100,60.60590909,27778551.43,46919429.38,39.39409091
2819,2.522222222,数组,0.708333333,47.63922222,100,90.625,12181.4375,12212874.15,9.375
2815,2.406976744,数组,0.028409091,50.38023256,100,82.27272727,2207516.318,7996532.221,17.72727273
2870,1.142857143,数组,1.435705368,54.6902381,99.62550562,83.5205618,44416.10112,13155.41666,16.10494382
2867,1.261904762,数组,3.884090909,59.74214286,100,72.72727273,102141435.1,1193825.472,27.27272727
2845,3.023809524,数组,8.21875,57.675,86.458125,61.1109375,76054933.66,30097307.08,25.3471875
2823,3.421052632,数组,4.633333333,47.35657895,89.524,60.953,18276883.93,26493988.28,28.571
2844,3.380952381,数组,0.927450981,54.43190476,100,86.76470588,37226636.13,34591479.6,13.23529412
2866,2.166666667,数组,1.914285714,52.28595238,87.14285714,74.28571429,90075006.6,38103979.94,12.85714286
2865,1.857142857,数组,2.132616488,59.44857143,96.77419355,65.16129032,82100432.06,824685.4743,31.61290323
2843,1.80952381,数组,3.47265625,62.95595238,93.7503125,75.0003125,190866944.2,86007.69737,18.75
2864,3.375,数组,2.250549451,48.05125,97.14285714,65.714,79727060.23,109791747.8,31.42885714
2842,1.972972973,数组,0.916498994,58.84837838,95.17112676,76.25774648,28730312.76,145610.3287,18.91338028
2863,1.666666667,数组,17.60606061,63.93785714,94.6969697,62.12121212,17780794.76,1011502.7,32.57575758
2840,1.5,数组,2.93939394,62.10928571,98.18181818,81.81818182,8792783.682,21513.4127,16.36363636
2861,1.476190476,数组,5.765151517,62.53904762,100,90.90909091,7275,17046606.98,9.090909091
2849,1.428571429,数组,1.877777778,59.33809524,100,77.77777778,76367.97778,36222043.56,22.22222222
2848,2.523809524,数组,1.501234568,62.12595238,100,86.66666667,131680.4667,49073294.29,13.33333333
2868,1.523809524,数组,4.081081082,60.41619048,100,83.78378378,42935.59459,12396.17187,16.21621622
2824,1.682926829,数组,1.19020979,54.64414634,98.18181818,89.45454545,105680.5455,46958845.55,8.727272727
2834,1.512195122,数组,1.56097561,52.06268293,99.18707317,82.92682927,8542483.049,576988.3548,16.2602439
2877,1.380952381,数组,0.470284238,63.365,100,82.79069767,149243.8372,21728.65518,17.20930233
2855,1.833333333,数组,0.089133089,40.66619048,100,87.69230769,114424.8974,841442.1431,12.30769231
2854,2.904761905,数组,0.601398602,53.05214286,100,81.81818182,5196970.614,27102679.95,18.18181818
2832,1.833333333,数组,0.517615177,58.74666667,100,79.51219512,54722689.41,1573589.325,20.48780488
2875,1.428571429,数组,3.68292683,63.6697619,93.90243902,39.63414634,563285392.6,321596.9667,54.26829268
2831,1.476190476,数组,4.802325583,57.02690476,100,73.48837209,1234620.163,52485.40323,26.51162791
2853,1.261904762,数组,1.731707317,55.90214286,99.51219512,77.56097561,20379851.63,15261.4717,21.95121951
2830,1.756097561,数组,3.053333334,56.09097561,100,77.77777778,43748.91111,132371.6111,22.22222222
2852,2,数组,1.773255814,50.63525,98.8372093,82.55813953,2772613.047,21529294.83,16.27906977
2873,3.30952381,数组,3.581818182,64.87214286,98.29545455,84.09090909,24614265.93,15361650.53,14.20454545
2851,1.285714286,数组,10.88690476,67.44404762,96.42857143,68.45238095,3369388.071,14268.0926,27.97619048
2872,1.761904762,数组,4.722222223,62.88047619,96.11111111,65.55555556,192599091.1,104767.8784,30.55555556
2850,2.761904762,数组,0.325396825,48.08142857,98.57142857,74.04761905,331958953,22084667.92,24.52380952
2838,1.761904762,数组,5.162790697,58.69666667,99.22488372,75.19395349,1518449.279,39945.36486,24.03093023
2859,3.30952381,数组,2.97107438,47.67595238,96.96969697,62.12121212,18932299.21,8910414.013,34.84848485
2837,2.142857143,数组,5.225,55.59309524,100,86.5,2134087.175,68273.90001,13.5
2836,2.357142857,数组,1.011666667,52.83190476,100,67.70825,74916010.33,2869428.949,32.29175
2858,1.285714286,数组,2.333333334,58.92190476,95.8974359,71.79487179,37243011.49,14628.94445,24.1025641
2835,2.738095238,数组,2.275862069,52.01690476,89.65517241,65.51724138,36937128.21,96896.76521,24.13793103
2857,7.125,数组,0.085139319,44.127,98.02631579,78.94736842,53503.63158,74409182.36,19.07894737
2891,1.018518519,数组,4.441860467,67.46462963,100,78.48837209,55064899.74,1839.672728,21.51162791
2890,1.319148936,数组,1.573333333,49.84553191,100,81.66666667,170084.3333,250489.5646,18.33333333
2889,1.111111111,数组,9.94921875,71.87148148,96.875,74.609375,58773622.69,9951.316668,22.265625
2922,1.490566038,数组,1.247222223,58.1890566,100,96.11111111,16563.62222,5650365.304,3.888888889
2888,1.14893617,数组,0.334415584,55.26021277,100,70.45454545,35634.22727,7950.388889,29.54545455
2921,1.659574468,数组,1.872549019,50.2212766,97.94117647,63.52941176,139729620.4,59618.52564,34.41176471
2887,1.090909091,数组,2.459064328,53.45,100,95.39473684,4869.236842,155020.4667,4.605263158
2920,1.688888889,数组,5.192592593,53.06311111,100,90.55555556,7458.755556,961593.8157,9.444444444
2886,1.037735849,数组,0.657894737,63.80226415,98.68421053,94.07894737,212322.9211,685.5818182,4.605263158
2885,1.829787234,数组,1.336111111,48.44893617,100,62.77777778,31353307.89,17035077.67,37.22222222
2841,1.204545455,数组,0.225396825,51.7575,100,60,2070141.844,39986.35849,40
2884,1.125,数组,1.593333333,60.9325,100,57.77777778,8178790.244,7208.761905,42.22222222
2862,1.12244898,数组,2.503703703,50.58142857,91.66666667,62.55555556,127218506,85438.29091,29.11111111
2883,1.433962264,数组,1.245989305,52.01207547,97.05882353,65.68647059,45183004.85,2525015.382,31.37235294
2882,2.403508772,数组,2.902439025,46.18473684,94.51219512,64.63414634,105874339.4,11413554.47,29.87804878
2860,1.318181818,数组,0.564197531,53.00363636,92.22166667,68.33266667,54081145.97,122457.7931,23.889
2929,1.208333333,数组,0.482905982,50.0375,100,84.61538462,47236331.59,18977.2931,15.38461538
2928,2.145833333,数组,0.369791667,48.81625,100,90,8132.875,33653760.37,10
2927,1.108695652,数组,2.182539683,53.80347826,100,80.95238095,1061960.738,1688513.863,19.04761905
2926,1.127659574,数组,8.637837838,70.3087234,95.49540541,84.68432432,48948271,179039.6603,10.81108108
2925,1.446808511,数组,3.606060606,51.60638298,96.36363636,67.87878788,68821996.33,3445755.956,28.48484848
2869,1.641509434,数组,2.275,60.0454717,87.2225,64.44433333,138804452.5,42885.5977,22.77816667
2924,1.260869565,数组,0.167686658,46.42456522,97.6744186,80,6570224.256,79706.10345,17.6744186
2923,1.139534884,数组,0.467261905,57.75069767,99.52380952,82.38095238,5998478.19,18067.5102,17.14285714
2881,1.196428571,数组,0.619186046,53.61875,100,73.02325581,4169854.302,13446571.07,26.97674419
2880,2,数组,1.068181819,50.936,99.63636364,83.27272727,64893888.35,889188.9545,16.36363636
2878,1.339285714,数组,9.290697675,59.48732143,99.41860465,75.58139535,6621939.93,28467864.95,23.8372093
2856,1.595744681,数组,1.738095238,50.4206383,97.14285714,69.524,65827462.09,4355332.027,27.61885714
2911,1.217391304,数组,0.203445447,49.43717391,100,84.52830189,56936991.45,48753.67857,15.47169811
2910,1.458333333,数组,0.578947368,53.08458333,100,87.03703704,649649.8333,1051092.086,12.96296296
2876,1.26,数组,3.145833334,57.5652,95.33333333,72,49599544.93,520734.4921,23.33333333
2930,1.166666667,数组,2.891891891,59.22944444,98.64864865,72.97297297,69378554.59,20443.15873,25.67567568
2874,1.625,数组,0.15625,46.11458333,100,92.14285714,10586889.41,22929177.08,7.857142857
2871,1.259259259,数组,2.004545455,63.0087037,99.27272727,89.45454545,71755.21818,6492.029412,9.818181818
2918,2.710526316,数组,0.392026578,48.64184211,100,82.79069767,14196.90698,10261413.26,17.20930233
2917,1.375,数组,0.058139535,55.88729167,100,81.78325581,1283157.674,6946922.228,18.21674419
2916,1.574468085,数组,0.168157424,51.94765957,100,81.00767442,319370.4651,2231376.487,18.99232558
2915,1.591836735,数组,0.51446281,59.08918367,97.72727273,84.09090909,67506455.3,2003989.384,13.63636364
2914,2.416666667,数组,0.004232804,49.35645833,100,84,579131.0444,27596895.05,16
2913,1.333333333,数组,2.657777778,63.1512963,100,92.77777778,27128.68889,3644710.917,7.222222222
2879,1.340425532,数组,0.884848485,54.25914894,100,85.55555556,61020.26667,29425.14286,14.44444444
2909,1.571428571,字符串,0.049056604,55.47214286,100,97.77777778,8871.622222,3936514.788,2.222222222
2900,1.585365854,字符串,0.12543554,80.52585366,100,87.80487805,4042590.317,9121853.985,12.19512195
2955,2.794117647,字符串,0.254515599,49.53235294,100,71.42857143,77162.7619,63918548.56,28.57142857
2898,1.634146341,字符串,0.273427471,68.1504878,99.02439024,91.70731707,5736.02439,8098853.361,7.317073171
2985,1.452380952,字符串,2.869047618,67.74857143,100,88.57142857,47219.38095,44139.03279,11.42857143
2952,1.523809524,字符串,0.569191919,54.31452381,98.18181818,70.90909091,6699002.545,40108743.2,27.27272727
2896,3.358974359,字符串,1.4125,63.43974359,99.5,85,96597788.95,10342742.04,14.5
2740,1.237113402,字符串,1.267031814,56.37556701,97.84946237,80.10752688,76113141.39,25119.75,17.74193548
2906,1.45,字符串,0.49034749,69.38175,99.45945946,90.27027027,124765.5946,10455525.54,9.189189189
2904,1.634146341,字符串,0.25,63.13170732,100,92.5,2706.225,34032.20896,7.5
2947,1.302325581,字符串,0.268617021,54.04930233,100,85.10638298,49206871.15,24668980.54,14.89361702
2958,1.848484848,字符串,0.408686552,49.98575758,96.92307692,56.31578947,22369172.59,12224494.77,40.60728745
2934,2.486486486,字符串,0.633738602,50.92891892,100,85.10638298,11491543,33484912.31,14.89361702
2747,2.189189189,字符串,0.649270629,55.68540541,96.37681159,76.8115942,25700146.74,36196546.42,19.56521739
2671,1.2,线性表,0.227951153,60.60075,100,85.67164179,6471654.597,16718.25,14.32835821
2197,1.365853659,线性表,0.322552448,60.39170732,100,89.54545455,5531757.091,18548883,10.45454545
2195,1.487804878,线性表,0.472830495,51.96804878,99.7080292,81.89781022,16665269,37917571.69,17.81021898
2194,2,线性表,0.011363636,52.69142857,99.54545455,78.18181818,6703765.545,21644060.99,21.36363636
2192,1.5,线性表,0.080904741,57.44619048,99.72454545,73.00322314,77709699.61,7139536.633,26.72132231
2207,1.380952381,线性表,1.594224924,66.28738095,97.0212766,70.85106383,73186554.66,211283.1207,26.17021277
2669,1.463414634,线性表,2.105263158,61.33804878,96.84210526,74.21052632,118304.4211,20910.13333,22.63157895
2206,1.463414634,线性表,0.232804233,62.18560976,100,68.65071429,37456.38095,25058.51667,31.34928571
2668,1.073170732,线性表,1.609848485,61.6495122,98.63636364,78.18181818,173106.6818,2485.318182,20.45454545
2205,1.55,线性表,0.231501831,62.075,98.9010989,83.3332967,237353.3736,73987882.26,15.5678022
2667,1.682926829,线性表,3.802173914,69.00121951,98.47826087,83.26086957,10159914.41,165294.6956,15.2173913
2204,1.80952381,线性表,0.304945055,69.5597619,99.56043956,83.95604396,2200736,36673.46053,15.6043956
2665,1.075,线性表,0.108225108,58.04175,98.18181818,88.36363636,90772.10909,3381.511628,9.818181818
2202,1.9,线性表,0.372649572,58.3945,100,88.44444444,37196.42222,16512771.37,11.55555556
2543,1.459459459,线性表,0.623703704,61.79405405,100,88.96311111,120747595.4,7407003.497,11.03688889
2201,1.071428571,线性表,0.604993598,56.42119048,96.90140845,58.87323944,49524302.93,24132.46667,38.02816901
2662,1.024390244,线性表,1.54623656,61.92512195,99.78494624,94.19354839,7508468.516,218.0714286,5.591397849
2189,1.463414634,线性表,0.489666137,54.28585366,98.03911765,67.15676471,39014126.41,5911496.667,30.88235294
2562,2.738095238,线性表,0.359006211,45.36880952,97.71428571,86.85714286,76083.74286,19102539,10.85714286
2661,1.146341463,线性表,8.466216215,60.5004878,94.59459459,62.7027027,167821558.1,28166.6383,31.89189189
2187,1.465116279,线性表,2.655844156,58.25906977,100,84.84848485,38505525.94,2617565.079,15.15151515
2658,1.4,线性表,0.021978022,63.06875,100,94.50549451,26666048.18,22283.28571,5.494505495
2656,1.404761905,线性表,0.967171717,53.2252381,99.09090909,80.90909091,69103735.41,13732345.95,18.18181818
2655,1.214285714,线性表,1.583333334,66.82357143,100,71.55555556,55269308.78,15620.11764,28.44444444
2653,1.125,线性表,0.658974359,68.28725,99.55555556,89.33333333,69542928.13,4094.711111,10.22222222
2651,1.073170732,线性表,0.807407408,56.60390244,100,86.22222222,59986306.18,4396.409091,13.77777778
2673,1.1,线性表,0.497035573,60.441,100,90.57956522,712546.3478,6488.181818,9.420434783
2659,1.048780488,线性表,4.716845877,73.57414634,99.19354839,89.51612903,28877345.58,881.9069768,9.677419355
2430,1.404761905,数组,0.16827853,56.88,97.87234043,80.85106383,50119679.47,33613.79661,17.0212766
2692,1.644444444,数组,1.60959894,55.07266667,98.94736842,76.31578947,50548714.13,281686.8716,22.63157895
2372,2.069767442,数组,0.288006757,50.2472093,97.2972973,56.75675676,81931902.86,1339577.09,40.54054054
2293,1.142857143,数组,2.817073171,70.2647619,97.56097561,75.6097561,1731708.829,5746.25,21.95121951
2427,1.268292683,数组,0.012311902,60.33414634,100,71.1627907,36507229.65,3187426.981,28.8372093
2602,1.191489362,数组,6.369039735,55.08659574,96,67.5,100130369.3,121569.9821,28.5
2468,1.829787234,数组,0.24,59.85148936,98.88888889,75,2476929.533,27390987.62,23.88888889
2523,1.390804598,数组,1.85953997,53.96436782,97.5,87.91666667,11268.41667,28123235.1,9.583333333
2489,1.428571429,数组,4.170392569,62.20604396,96.0993617,74.82276596,155084.4681,3101480.054,21.27659574
2522,1.722222222,数组,1.71718279,64.12333333,100,77.43902439,42330982.32,29570176.44,22.56097561
2500,1.876404494,数组,0.386555951,57.46483146,98.22222222,84.88888889,1728056.978,41748234.82,13.33333333
2564,1.553191489,数组,2.845454545,0,97.15909091,63.06818182,33694158.48,1596674.301,34.09090909
2729,1.56043956,数组,3.000065509,61.56538462,100,65.11627907,26671.13953,696025.9651,34.88372093
2528,1.389261745,数组,5.5377115,78.2809396,100,86.36363636,1941169.273,31950377.52,13.63636364
2429,1.170731707,数组,0.52826087,64.33829268,100,76.08695652,25885984.07,4899.520833,23.91304348
2428,1.571428571,数组,0.004065041,59.33880952,98.53658537,86.34146341,17221848.15,49103.57575,12.19512195
2285,1.146341463,数组,0.415505226,60.32707317,97.56097561,85.97560976,77960823.63,5843.404255,11.58536585
2284,1.975609756,数组,0.223863636,59.61487805,98.75,75,43134732.25,30947830.6,23.75
2282,1.707317073,数组,0.05982906,49.21780488,93.84615385,67.69230769,106824956.1,18319.72857,26.15384615
2436,1.489361702,数组,6.593365853,50.09255319,98.7804878,79.87804878,47930007,33038899.2,18.90243902
2533,1.858490566,数组,1.677762758,66.80801887,98.63636364,79.54545455,172997.3409,9623321.424,19.09090909
2433,1.849462366,数组,0.02997472,53.28677419,99.45054945,91.75824176,4430685.791,41154198.54,7.692307692
2739,1.355769231,数组,0.350807137,60.69913462,100,79.77272727,28954561.7,23080650.4,20.22727273
2738,1.4,数组,0.487930273,56.39684211,97.6744186,88.37209302,81119,39444762.24,9.302325581
2737,1.364864865,数组,1.617806365,57.35851351,99.42857143,81.71428571,4810485.886,400462.5693,17.71428571
2539,1.352941176,数组,0.537763466,60.3554902,100,86.66666667,29263.59524,118356.2536,13.33333333
2148,3.903225806,图结构,0.852736318,41.63677419,100,91.49253731,42602444.78,3167250.239,8.507462687
2125,1.653846154,图结构,0.925347222,59.68346154,100,78.75,210079.725,30679609.23,21.25
2147,2.64516129,图结构,0.740166523,33.37032258,98.13953488,83.25581395,284810.1163,20750862.55,14.88372093
2146,1.628571429,图结构,0.809243697,49.17057143,100,77.5,28805949.98,21469717.35,22.5
2220,2.592592593,图结构,0.68972332,55.62185185,97.82608696,84.7826087,18565.08696,17428217.43,13.04347826
2150,4.222222222,图结构,0.782327586,44.51222222,97,76,2024650.15,21765399.84,21
2133,1.113636364,数字操作,0.41832325,65.77863636,97.75280899,68.53932584,78336575.45,16656.73469,29.21348315
2155,1.238095238,数字操作,0.842328042,73.13285714,100,84.52404762,46891.64286,1769435.5,15.47595238
2154,1.113636364,数字操作,0.120320856,68.37613636,95.45454545,77.27272727,8462546.409,8571.77551,18.18181818
2132,1.341463415,数字操作,0.682825485,52.68804878,97.89473684,73.68421053,37122400,2959807.163,24.21052632
2230,1.119047619,数字操作,0.411067193,56.22404762,100,77.27272727,58599888.66,603053.0638,22.72727273
2131,1.25,数字操作,0.339371981,53.682,99.13043478,80,105110885.2,38214.74,19.13043478
2130,1.613636364,数字操作,0.326289095,60.97181818,100,86.37362637,7762716.407,83674.14087,13.62637363
2107,1.113636364,数字操作,2.158974359,52.13477273,96.41025641,75.8974359,8052945.667,14204.89796,20.51282051
2129,1.325581395,数字操作,0.385964912,61.18162791,98.94736842,84.73684211,8822645.816,2810953.228,14.21052632
2128,1.204545455,数字操作,4.479166667,61.51727273,93,88.5,4298106.425,73855.22641,4.5
2227,2.666666667,数字操作,0.688644689,53.72638889,97.94871795,73.33333333,2611180.949,62267391.34,24.61538462
2226,1.209302326,数字操作,0.226480836,57.64627907,100,87.31707317,117914.1707,154564.6154,12.68292683
2102,1.119047619,数字操作,0.305735931,62.28785714,99.31818182,89.77272727,374710.4432,133480.5319,9.545454545
2223,2.023809524,数字操作,0.620879121,60.28190476,98.9010989,86.81318681,35248770.56,51477930.15,12.08791209
2245,1.136363636,数字操作,0.54144385,59.01159091,100,90.15181818,2591304.364,51437.62,9.848181818
2101,1.261904762,数字操作,0.334224599,57.55761905,98.18181818,93.18181818,2257188.909,82479.05662,5
2123,1.204545455,数字操作,2.109848485,67.59295455,99.09090909,92.27272727,63310.15909,5131172.471,6.818181818
2240,2.357142857,数字操作,0.393848462,56.60166667,98.13953488,73.48837209,18483015.86,3098023.849,24.65116279
2161,1.090909091,数字操作,0.095238095,76.9725,100,79.04761905,106301.8571,18169.58334,20.95238095
2160,1.279069767,数字操作,0.090909091,64.34651163,96.96954545,77.2725,34482057.55,425569.3637,19.69704545
2218,1.488372093,数字操作,1.40952381,66.59651163,100,76.19047619,51102386.17,1099810.172,23.80952381
2118,1.227272727,数字操作,0.964197531,67.77113636,100,80.88888889,50926414.98,15354.61111,19.11111111
2215,1.261904762,数字操作,0.194280908,60.1152381,98.27586207,81.6091954,39113924.68,27475165.1,16.66666667
2138,1.209302326,数字操作,0.160394265,58.65674419,93.33333333,60.55555556,273236314.4,26608447.79,32.77777778
2137,1.204545455,数字操作,2.773504273,62.82386364,99.57269231,85.04269231,41554676.37,44978.81132,14.53
2159,1.170731707,数字操作,0.340344828,47.47585366,94.8,79,44172102.67,112130.4375,15.8
2158,1.547619048,数字操作,0.995354239,45.84952381,99.45796748,75.33845528,34740624.66,2425109.477,24.1195122
2136,1.162790698,数字操作,0.469798658,54.41744186,99.77630872,85.34677852,44387437.22,1578259.5,14.4295302
2157,1.404761905,数字操作,0.179930796,49.93071429,98.43137255,77.84313725,44380361.51,10912781.3,20.58823529
2135,1.23255814,数字操作,0.036398467,0,100,81.6091954,708454.6092,907972.189,18.3908046
2112,1.159090909,数字操作,0.863346104,71.18090909,100,78.85057471,743369.9885,97158.84312,21.14942529
2156,1.12195122,数字操作,0.828774929,73.76463415,98.71794872,71.79487179,110325646.6,2212.760869,26.92307692
2219,1.441860465,数字操作,0.440823328,58.93651163,99.24528302,83.01886792,17884852.08,1315829.387,16.22641509
2298,1.03030303,树结构,0.388311688,47.75575758,100,85.9047619,22582338.13,1197.676471,14.0952381
2375,4.666666667,树结构,0.288925439,38.43972222,99.34210526,85.85526316,59359717.53,41271233.81,13.48684211
2294,2.382352941,树结构,0.546396684,41.67470588,94.921875,73.828125,72217310.07,1538555.531,21.09375
2492,2,树结构,0.841077441,45.54228571,100,81.77777778,129026.5556,2405242.943,18.22222222
2391,1.052631579,树结构,0.781060926,57.03526316,98.44660194,81.3592233,4480748.913,4625.775,17.08737864
2292,1.382352941,树结构,0.850361197,51.97735294,98.82352941,86.07843137,160129.049,16222735.09,12.74509804
2306,2.605263158,树结构,0.706317204,41.12342105,91.875,66.875,47740238.81,11688409.72,25
2405,2.606060606,树结构,0.19317624,34.80060606,95.87628866,77.83505155,5311029.691,26408440.45,18.04123711
2404,1.891891892,树结构,0.641438032,37.96864865,99.33774834,93.24503311,691820.2781,25872657.53,6.092715232
2446,1.5,树结构,0.672972973,55.61842105,100,79.05405405,10810221.32,78869.61407,20.94594595
2302,1.205882353,树结构,0.126122449,43.97352941,94.8572,77.4286,47205069.72,7278933.805,17.4286
2460,1.454545455,树结构,0.5292,36.24969697,96.5,78,39573367.68,26472549.08,18.5
2459,2.864864865,树结构,0.647360704,46.31945946,100,85.22727273,58265.52273,58579223.11,14.77272727
2458,1.6,树结构,0.095238095,51.97314286,99.56521739,73.91304348,65629085.65,47552.33929,25.65217391
2435,1.175,树结构,0.48968846,60.17825,99.53488372,86.04651163,7430347.767,2303.170213,13.48837209
2457,2.911764706,树结构,0.405405406,36.90558824,98.37837838,83.24324324,8803712.703,13398790.89,15.13513514
2710,1.626506024,树结构,0.825662778,42.80626506,99.51219512,86.34146341,76951.04878,537187.5333,13.17073171
2434,1.945945946,树结构,0.450174216,56.5472973,100,98.04878049,52578.2439,64115.65278,1.951219512
2455,2.577464789,树结构,0.619166667,47.04760563,99.16675,69.5835,36498768.98,19214347.04,29.58325
2432,1.7,树结构,0.415584416,43.66,97.14285714,70.28571429,20027261.71,56822228.79,26.85714286
2431,2.787878788,树结构,0.435377358,36.30242424,99,64.5,6977216.775,2402903.087,34.5
2448,1.659090909,排序算法,3.651741295,63.50659091,100,66.66666667,21753.33333,104338.274,33.33333333
2443,1.454545455,排序算法,1.57412611,57.88977273,97.07317073,76.58536585,107949.8537,4608838.812,20.48780488
2495,1.75,排序算法,0.508188995,54.75425,100,77.43902439,22638170.83,120045.5571,22.56097561
2491,1.209302326,排序算法,7.106810035,63.79837209,100,68.88888889,75054100,67079.17308,31.11111111
2538,1.776699029,排序算法,0.259209653,61.01067961,100,88.7804878,3525672.122,2521951.574,11.2195122
2515,1.409090909,查找算法,0.3,48.39863636,97,75.5,61857690.68,1838990.194,21.5
2536,1.8984375,查找算法,0.559245351,59.04382812,98.91304348,89.13043478,9123299.5,38040393.78,9.782608696
2525,1.576923077,查找算法,1.368034126,48.22102564,100,78.57142857,52304571.07,26351745.99,21.42857143
2601,1.282608696,查找算法,0.517343689,55.12608696,100,60.16243902,2911659.098,18750.20339,39.83756098
2634,1.677777778,查找算法,2.884110457,59.54522222,100,88.5106383,2479940.936,16804877.11,11.4893617
2513,1.488636364,查找算法,0.030808729,67.60295455,99.02439024,61.95121951,1922628.122,251713.8855,37.07317073
2579,1.833333333,查找算法,0.302083333,45.88238095,100,73.93128205,532438.3846,44962864.23,26.06871795
2578,1.760869565,查找算法,0.323586745,62.52782609,100,61.57894737,81734798.89,2305293.197,38.42105263
2541,1.494845361,查找算法,0.070881226,49.8857732,98.01583333,77.7775,52684381.56,3552895.724,20.23833333
2517,1.204545455,查找算法,0.289371981,0,100,87.88826087,31173663.09,52559.37736,12.11173913
2604,1.97826087,查找算法,2.679340029,65.04478261,98.04878049,66.34146341,83254707.17,36232660.6,31.70731707
2516,1.295454545,查找算法,0.534615385,56.87977273,95.38461538,70.38461538,2147851.577,1742391.439,25
2603,2.6875,数组,3.553154709,62.755,98.07692308,79.61538462,118088.2885,21469806.01,18.46153846
2368,5.170731707,数组,0.280952381,54.02512195,100,83.33325,81969.95,108937269.3,16.66675
2365,1.818181818,数组,0.341013825,50.43840909,100,74.20642857,52571584,2858333.838,25.79357143
2385,1.790697674,数组,0.370370371,55.83534884,97.91666667,82.91666667,48300915.5,30750528.43,15
2290,2.159090909,线性表,0.18115942,62.71727273,97.82608696,83.69565217,4059320.63,11241606.07,14.13043478
2210,5.621621622,线性表,0.602083333,50.28108108,98.80952381,83.92857143,82431917.76,15714345.54,14.88095238
2231,2.790697674,线性表,0.311111111,48.6655814,97.40740741,88.14814815,29739756.85,53205.75,9.259259259
2472,2.069767442,线性表,0.171075838,63.29930233,99.07407407,92.59259259,87748.27778,17638324.44,6.481481481
2593,4.923076923,线性表,0.614397322,51.48230769,100,94.64285714,9266.160714,15827442.28,5.357142857
2546,1.477272727,线性表,0.016666667,67.23931818,97.45454545,80,47689308.84,39441.27692,17.45454545
2689,1.473684211,线性表,0.740495868,60.35,100,93.09090909,21094818.29,10356948.88,6.909090909
2688,1.804878049,线性表,0.602843915,56.07902439,100,87.03703704,4663439.519,14021614.08,12.96296296
2687,1.9,线性表,0.114285715,59.20225,100,90.71428571,63110.01786,540371.9342,9.285714286
2686,3.289473684,线性表,0.213541667,49.03921053,99.64285714,91.07142857,107394.3036,20424119.9,8.571428571
2685,1.585365854,线性表,2.075414782,0,96.07843137,74.50980392,16399631.33,10665.43077,21.56862745
2684,2,线性表,0.159782608,61.99,100,92.93478261,461102.7826,20104719.91,7.065217391
2208,3.794871795,线性表,0.475939354,56.5225641,98.7804878,63.41463415,56409802.56,26366329.06,35.36585366
2287,2.875,线性表,0.194664032,59.7265,98.69565217,83.91304348,2179736.109,711400.913,14.7826087
2683,2.974358974,线性表,0.569105691,56.33871795,96.95121951,70.73170732,11131120.88,72176307.35,26.2195122
2682,3.170731707,线性表,0.770655271,59.07682927,97.43589744,56.92307692,77919715.82,16721610.81,40.51282051
2681,1.357142857,线性表,5.333333333,62.53285714,99.67942308,90.06403846,489660.8462,1345493.509,9.615384615
2680,1.58974359,线性表,0.342364532,59.45410256,100,91.37931034,5969975.552,27842.19355,8.620689655
2481,1.25,线性表,0.338414634,71.87477273,98.37390244,69.91853659,2842555.049,1552935.418,28.45536585
2480,1.744186047,线性表,0.522875817,64.05116279,98.61111111,81.01888889,10101579.42,15291.45333,17.59222222
2281,1.651162791,线性表,1.282142857,63.74,97.14285714,71.42857143,10383091.63,26848.8169,25.71428571
2679,1.731707317,线性表,2.728571429,59.80073171,94.85714286,72.57142857,155362755.4,2995244.648,22.28571429
2479,3.863636364,线性表,0.069293478,64.87613636,100,91.30434783,24049.17391,8720841.018,8.695652174
2677,1.268292683,线性表,0.205256571,65.01634146,100,93.19148936,144849.3404,273181.7885,6.808510638
2478,1.444444444,线性表,1.8375,66.49733333,98.75,79.16666667,57700103.65,1196347.139,19.58333333
2676,2.095238095,线性表,0.25,62.79071429,100,91.66695652,71677654.67,16828058.25,8.333043478
2675,1.11627907,线性表,1.991452992,72.00209302,98.33333333,67.77777778,17025978.92,4208.854167,30.55555556
2477,2.56097561,线性表,0.52991453,57.33853659,97.9020979,81.46853147,15914129.3,16529240.72,16.43356643
2944,1.891304348,字符串,0.061076605,61.52913043,97.82608696,75.54347826,132060376,51898.26437,22.2826087
2964,5.157894737,字符串,0.03258547,48.635,95,73.84615385,129439109.2,33629186.08,21.15384615
2941,2.97826087,字符串,0.182773109,57.3476087,95.09803922,80.88235294,17027938.8,60384.73723,14.21568627
2951,2.866666667,字符串,0.466183575,44.98333333,98.26086957,70.86956522,100812811.5,9451065.652,27.39130435
2940,2.894736842,字符串,0.495408163,50.29394737,99.48979592,91.32653061,186264049.6,40794869.98,8.163265306
2962,4.1,字符串,0.751131222,49.11425,98.55769231,76.92307692,8198826.846,25358127.59,21.63461538
2950,3.930232558,字符串,0.651771336,55.80581395,100,88.58695652,60082939.43,48383926.06,11.41304348
2960,3.487804878,字符串,0.697395197,55.66804878,100,86.66666667,7576105.833,7521146.176,13.33333333
2939,3.522727273,字符串,0.618039577,44.36431818,97.16981132,90.56603774,17897806.74,16722071.3,6.603773585
2938,1.70212766,字符串,0.288690476,86.77489362,100,80.95238095,39525240.76,21029589.96,19.04761905
2949,3.574468085,字符串,0.449038462,81.2193617,100,82.5,20252148.85,15372721.66,17.5
2937,1.170212766,字符串,0.862745098,72.88276596,100,86.92823529,151475.3137,10689.07273,13.07176471
2959,3.431818182,字符串,0.896593049,59.25409091,98.30508475,86.44067797,756181.4068,23593869.81,11.86440678
2935,1.782608696,字符串,0.456896552,60.37956522,97.5862069,83.79310345,7187149.345,732607.7564,13.79310345
2912,1.4375,字符串,9.85964912,62.973125,98.24561404,88.01175439,25079309.32,40299761.42,10.23385965
2251,2.046511628,数字操作,0.59,59.22697674,99.27272727,88.36363636,18721.16364,4553611.034,10.90909091
2328,2.697674419,数字操作,0.192386831,45.96139535,98.51851852,86.2962963,127936160.6,1254049.397,12.22222222
2229,1.302325581,数字操作,0.865384616,60.29860465,99.61538462,86.92307692,78588545.65,10249.89285,12.69230769
2327,2.045454545,数字操作,0.027705628,62.48590909,98.54545455,89.45454545,40585522.91,7411077.412,9.090909091
2228,1.536585366,数字操作,0.019230769,63.02268293,98.61104167,77.08333333,65387286.54,548131.6984,21.52770833
2249,1.8,数字操作,1.019230769,57.64525,100,87.84729167,8834194.021,2423524.778,12.15270833
2325,3,数字操作,0.491575092,59.99347826,98.71794872,71.79487179,18751802.95,9574894.18,26.92307692
2248,1.926829268,数字操作,1.176136363,0,96.59090909,73.86363636,24660782.07,84270.54429,22.72727273
2247,1.825,数字操作,0.073926868,63.25925,98.37837838,62.7027027,9032627.081,23325432.37,35.67567568
2225,1.8,数字操作,0.560714286,0,98.28571429,70.85714286,9348664.257,25110.61111,27.42857143
2323,1.840909091,数字操作,0.193243243,69.6025,97.83783784,74.05405405,42412371.65,468458.7284,23.78378378
2224,2.511627907,数字操作,0.185416667,58.87232558,97.77777778,80.44444444,28194849.38,65302.56482,17.33333333
2246,1.707317073,数字操作,0.754545455,0,98.86363636,86.36363636,21986971.27,745619.5431,12.5
2244,1.804878049,数字操作,0.191208791,55.55292683,95.42857143,79.42857143,12164817,5820868.489,16
2222,2.595238095,数字操作,0.678703704,42.50857143,97.77777778,83.11111111,190973.7111,12458199.07,14.66666667
2243,1.609756098,数字操作,1.891891892,55.02341463,96.21621622,76.21621622,8887263.838,145716.5455,20
2320,2.975,数字操作,0.456224899,68.06175,100,81.92771084,30176839.63,358775.7983,18.07228916
2166,3.611111111,数字操作,0.186741363,61.95805556,100,91.76470588,14245672.69,19084926.43,8.235294118
2242,1.431818182,数字操作,0.046511628,59.28659091,99.06976744,86.97674419,326967.4884,9919810.413,12.09302326
2241,1.390243902,数字操作,0.027631579,61.83926829,96.5,69.5,27589570.7,63415.19299,27
2163,2.046511628,数字操作,0.241758242,61.83325581,99.52380952,86.19047619,441276.2143,158711.8296,13.33333333
2162,2.25,数字操作,0.261788618,0,100,75.6097561,140303.3902,11293483.16,24.3902439
2317,1.707317073,数字操作,0.285714285,62.23804878,97.61904762,86.50785714,44157.5,555779.7857,11.11119048
2217,1.317073171,数字操作,0.699695122,53.58585366,98.7804878,73.7804878,21158456.17,7968543.702,25
2216,2.050632911,数字操作,0.495212038,46.78886076,100,86.82162791,1147106.349,439326.5988,13.17837209
2238,1.523809524,数字操作,0.189613527,68.0252381,97.91666667,62.5,10426709.72,12267.25,35.41666667
2335,1.808080808,数字操作,0.388850174,56.07,98.7804878,73.17073171,66054522.1,1239958.81,25.6097561
2214,1.558139535,数字操作,0.983333333,62.42023256,92.5925,77.77777778,8992485.694,66821.29852,14.81472222
2334,1.844444444,数字操作,0.05654102,60.40111111,100,96.95121951,4718.097561,283617.0482,3.048780488
2333,2.75,数字操作,0.127051672,58.07181818,91.91489362,66.38297872,21197921.15,32428312.08,25.53191489
2376,3.761904762,数字操作,0.338333333,73.09571429,98.75,94.375,4606.55,88242253.33,4.375
2277,2.692307692,数字操作,0.784188034,58.87487179,98.33333333,84.44444444,8996609.139,37433577.78,13.88888889
2319,2.348837209,数字操作,0.351190476,45.88116279,100,88.0952381,18967.28571,2335105.99,11.9047619
2221,2.131578947,图结构,0.760932945,46.82184211,100,87.14285714,19290676.45,29831473.34,12.85714286
2254,3.445945946,图结构,0.470211161,38.90040541,92.94117647,68.23529412,9921774.324,13200462.08,24.70588235
2265,3.464285714,图结构,0.730194805,37.54964286,100,90,31196.6,19945108.9,10
2232,6.214285714,图结构,0.930581614,34.76035714,100,95.12195122,924.9268293,24634661.57,4.87804878
2165,1.864864865,图结构,0.427350427,65.65621622,98.0952381,83.80952381,8760195.631,75765.44926,14.28571429
2264,6.35483871,图结构,0.72518035,33.27193548,100,91.46341463,32288.58537,13690519.62,8.536585366
2175,2.9,图结构,2.951219513,0,100,97.56097561,223.3902439,22362904.09,2.43902439
2337,6.027777778,图结构,0.894507576,30.52861111,100,90.90909091,64512777.91,22256406.48,9.090909091
2303,3.228571429,图结构,0.670689655,48.42828571,100,95,3635.125,10607471.61,5
2213,1.741935484,图结构,0.874563242,61.38322581,96.22641509,76.88679245,22971.33962,229627.5926,19.33962264
2234,7.275862069,图结构,0.92157275,26.86103448,100,92.68292683,278178.878,11883337.77,7.317073171
2233,5.085714286,图结构,0.802264808,45.75228571,100,94.51219512,2667.170732,12170048.71,5.487804878
2702,3.512195122,查找算法,0.982352941,53.16731707,100,73.17073171,30600.19512,18514032.38,26.82926829
2635,2.090909091,查找算法,0.940471411,59.35659091,98.11320755,88.67924528,46649751.23,10515508,9.433962264
2645,1.476190476,查找算法,0.695841393,61.35404762,100,90.625,20061.9,29913.14516,9.375
2644,2.463414634,查找算法,0.527385032,58.35292683,98.11320755,88.30188679,243158.0377,56954.84157,9.811320755
2643,1.5,查找算法,0.530769231,56.00238095,98.75,97.5,7137,294184.1429,1.25
2566,3.076923077,查找算法,0.344907408,48.59871795,99.47916667,86.97916667,70618.83333,173042.475,12.5
2576,2.428571429,查找算法,0.760411033,57.46309524,100,90.69767442,4698.255814,21647122.82,9.302325581
2642,2.15,查找算法,0.475308642,0,100,73.80952381,35258788.71,12832358.47,26.19047619
2565,2.804878049,查找算法,0.47804878,59.06219512,100,80.48780488,346474.4634,685458.7218,19.51219512
2641,2.372093023,查找算法,0.588435374,61.7127907,100,92.85714286,9628.938776,137839.2353,7.142857143
2630,3.613636364,查找算法,0.118198875,50.49840909,100,87.80487805,5186887.073,6824367.365,12.19512195
2575,1.525,查找算法,0.015384615,62.82825,100,78.84615385,44261.94872,53750.78689,21.15384615
2773,2.329787234,查找算法,0.519324533,48.42244681,100,91.07142857,1826026.905,8749429.498,8.928571429
2563,3.219512195,查找算法,0.104906938,51.4404878,99.3902439,75,53019741.59,904378.9623,24.3902439
2606,1.601398601,查找算法,2.880853036,65.2013986,97.94871795,62.05128205,214678247.5,9937644.061,35.8974359
2639,2.253012048,查找算法,0.342948718,63.84662651,94.87179487,75,40209439.82,13393998.34,19.87179487
2637,2.244444444,查找算法,1.306528516,77.486,100,88.41463415,16908.60976,85087.29702,11.58536585
2526,3.14,排序算法,2.621407604,64.3797,100,71.05263158,67184604.95,14067548.62,28.94736842
2504,2.636363636,排序算法,3.031603774,67.72545455,100,70,1026706.675,22227543.97,30
2488,2.227272727,排序算法,1.88828666,65.19318182,100,82.92682927,25307303.46,77672.27551,17.07317073
2520,1.977272727,排序算法,0.949668516,61.59295455,100,82.23684211,15262872.03,17439201.52,17.76315789
2399,3.170731707,排序算法,0.784031738,0,94.59459459,56.75675676,242508937.3,33391137.81,37.83783784
2496,2.209302326,排序算法,1.314284047,51.97813953,96.62162162,70.27027027,142344399.5,128914.0526,26.35135135
2551,1.170731707,树结构,0.6695586,58.25414634,97.77777778,84.074,463218.4111,44910.58333,13.70377778
2297,1.933333333,树结构,0.242252066,52.37866667,98.86363636,78.03045455,5877502.068,16131356.39,20.83318182
2550,1.463414634,树结构,0.739099099,57.77512195,99.45945946,90.27027027,33228599.35,52583.21667,9.189189189
2572,3.829268293,树结构,0.424398074,56.79268293,92.57142857,69.14285714,10313789.66,21741675.12,23.42857143
2351,3.677419355,树结构,0.548872181,49.84258065,97.14285714,66.28571429,9278494.886,22325556.09,30.85714286
2493,1.238095238,树结构,0.681096681,67.98714286,98.61111111,77.77777778,76718396.64,23635.98077,20.83333333
2503,3.973684211,树结构,0.200797872,53.28105263,98.93617021,75.53191489,8377535.191,9342060.927,23.40425532
2349,1.426470588,树结构,0.730929791,66.00235294,94.60764706,61.765,109049893.1,26097023.27,32.84264706
2447,1.857142857,树结构,0.03315106,66.71690476,97.18045113,75.56390977,31591709.32,20168.82051,21.61654135
2502,2.795454545,树结构,0.151219512,61.78159091,100,71.95121951,65024894.22,3027252.374,28.04878049
2369,2.255813953,树结构,0.290465632,56.16465116,98.7804878,75.6097561,105531967.5,547305.8455,23.17073171
2501,1.357142857,树结构,0.384313725,63.25547619,94.70588235,81.76470588,39564210.46,34551.73684,12.94117647
2508,2.333333333,树结构,0.206991261,51.78512821,97.75280899,81.46067416,31390984.94,3451262.429,16.29213483
2437,2.871794872,树结构,0.144736842,43.53615385,100,63.88888889,119008745.6,7789265.455,36.11111111
2314,2.971428571,树结构,0.781471631,57.83114286,100,86.45833333,30364971.42,145261.3077,13.54166667
2512,1.365853659,树结构,0.672248804,52.78658537,97.34863636,85.985,9835771.886,86330.01783,11.36363636
2556,1.756097561,树结构,0.052396878,51.7597561,100,90.2173913,1804201.413,61471.44447,9.782608696
2313,5.846153846,树结构,0.656508386,43.08589744,97.8313253,85.54216867,873738.759,37079965.77,12.28915663
2511,2.564102564,树结构,0.277097902,56.81025641,100,89.77272727,2311334.705,1018360.57,10.22727273
2555,1.595238095,树结构,0.042902967,61.96238095,95.81395349,83.25581395,28086778.79,13636.41791,12.55813953
2499,4.35,树结构,0.374814815,55.09875,93.70355556,82.96266667,9810431.356,465436.8161,10.74088889
2554,2.2,树结构,0.087698413,48.75575,90.66666667,75.11111111,45261390.69,3171462.17,15.55555556
2553,3.771428571,树结构,0.55643739,44.896,98.41261905,81.74595238,126090594,5310258.787,16.66666667
2597,2.609756098,树结构,0.153439153,48.21658537,86.91358025,62.96296296,78511502.96,1089203.337,23.95061728
2552,3.075,树结构,0.67816092,54.51375,99.53488372,81.62790698,19193377.42,11869518.37,17.90697674
2310,8.419354839,树结构,0.725339603,42.15064516,97.50954023,74.90413793,152646836.9,21906370.82,22.6054023
2318,6.176470588,树结构,0.476388889,43.10941176,96.44444444,88,1541482.6,41174384.48,8.444444444
2666,1.509433962,线性表,6.682432433,72.71773585,100,84.45945946,174433.8108,15218.5125,15.54054054
2663,1.127272727,线性表,0.481707317,70.91436364,98.04878049,88.29268293,26855.17073,57229077.18,9.756097561
2672,1.169811321,线性表,4.19512195,60.79188679,99.02439024,88.7804878,17043842.8,207860.9032,10.24390244
2473,1.875,线性表,0.80872914,52.659,100,85.36585366,20792.85366,53402863.63,14.63414634
2691,2,线性表,0.827833572,54.6672973,100,95.12195122,4184.804878,71172199.75,4.87804878
2471,2.390243902,线性表,0.805668016,47.74414634,94.73684211,72.10526316,157676093.9,724490.4285,22.63157895
2690,3.810810811,线性表,0.189814815,59.64945946,96.42857143,84.52380952,11241367.44,63637097.02,11.9047619
2590,2.951219512,线性表,0.011128776,54.15804878,96.62162162,66.89189189,94136591.41,19114065.33,29.72972973
2724,1.12195122,线性表,0.195789474,70.9304878,100,73.15789474,18641803.61,3729.934783,26.84210526
2723,1.56097561,线性表,0.141025641,60.59463415,99.34065934,84.3956044,1086106.451,13320.42188,14.94505495
2646,1.390243902,线性表,1.268292682,67.49463415,98.04878049,83.41463415,22822150.66,15219240.4,14.63414634
2722,2.268292683,线性表,0.061840121,63.85878049,100,76.41025641,93473.51282,7513952.202,23.58974359
2721,1.853658537,线性表,2.991666667,63.93341463,100,83.125,41670647.03,14487.65789,16.875
2487,2.512195122,线性表,1.734449761,56.92365854,94.21052632,80.52631579,2904289.026,19078934.83,13.68421053
2761,1.414634146,线性表,6.428571428,68.47073171,92.06357143,82.14285714,41023.57143,14963131.59,9.920714286
2486,2.025641026,线性表,0.319967267,49.0925641,95.74468085,88.08510638,19851.14894,52736370.73,7.659574468
2728,2.052631579,线性表,3.159574468,55.43052632,96.59574468,85.95744681,17522.06383,9081904.323,10.63829787
2727,2.621621622,线性表,0.837837838,63.55378378,98.51351351,89.18918919,546577.2905,35907771.98,9.324324324
2649,2.073170732,线性表,5.050526316,52.48268293,98.94736842,87.36842105,55222667.14,31861593.01,11.57894737
2725,2.342105263,线性表,2.115384615,66.47605263,99.67951923,86.85894231,31292035.64,67322377.17,12.82057692
2760,1.487804878,线性表,0.481099657,63.35243902,100,89.69072165,31075.97938,11210.7377,10.30927835
2485,1.975,线性表,0.166666667,56.54175,99.33333333,86.93333333,2381850.213,21840370.76,12.4
2484,2.829268293,线性表,10.20155039,64.39658537,94.41860465,80.46511628,8300630.628,27555118.7,13.95348837
2560,1.825,线性表,1.338293651,50.73975,96.19047619,87.61904762,536145.881,33894625.03,8.571428571
2483,1.512195122,线性表,0.824534161,60.28682927,93.91304348,90,10669.58696,11388641.52,3.913043478
2559,1.512195122,线性表,1.861419069,65.89170732,96.95121951,82.43902439,24731995.3,2331492.855,14.51219512
2557,2.317073171,线性表,0.902857143,62.43707317,92,84,5290064.32,9770157.937,8
2755,2.475,线性表,0.890302067,54.68175,95.94594595,77.5,79241088.11,9939810.558,18.44594595
2732,1.85,线性表,1.32,66.06675,96.6668,72.0004,13114596,22524674.07,24.6664
2336,2.710526316,线性表,1.731746032,59.43921053,88.49190476,69.04761905,1521100.857,23081177.47,19.44428571
2731,1.487179487,线性表,0.777777778,60.90282051,100,92.15686275,25720.39216,62852.87931,7.843137255
2730,1.682926829,线性表,1.984693877,59.65463415,96.73469388,74.28571429,11694500.47,13560988.07,22.44897959
2759,1.512195122,线性表,3.015473888,58.1004878,99.29085106,85.10659574,25519549.4,11305208.11,14.18425532
2954,3.444444444,字符串,0.862555556,57.91944444,100,86,101779.04,52298931.8,14
2975,1.452380952,字符串,2.134545455,81.1397619,99.5,84,61747.04,12112796.74,15.5
2942,3.926829268,字符串,0.401428571,73.50170732,98.75,67.5,24601031.13,7536068.54,31.25
2963,2.944444444,字符串,0.751344086,56.91416667,98.33333333,91.25,45478.45833,64464534.51,7.083333333
2974,2.083333333,字符串,0.236166008,40.65972222,98.86363636,84.84818182,231769.6818,11592335.63,14.01545455
2984,2.880952381,字符串,0.499468085,52.75095238,96.80829787,81.91468085,14936698.55,18771702.76,14.89361702
2961,1.947368421,字符串,0.725264611,60.53078947,98.17073171,87.80487805,17095680.56,37098579.65,10.36585366
2972,5.638888889,字符串,0.718228498,44.63,100,78.04878049,16679.39024,38750416.78,21.95121951
2970,2.78125,字符串,0.943972125,62.151875,96.95121951,81.09756098,21167356.88,15839973.34,15.85365854
2981,2.514285714,字符串,0.31973466,45.64828571,94.66666667,88,45081.57778,6503601.578,6.666666667
2969,3.205882353,字符串,1.88961039,0,99.43181818,87.5,63104714.3,53038529.8,11.93181818
2979,1.333333333,字符串,0.001329788,71.05071429,91.4893617,87.76595745,43512.76596,15868.875,3.723404255
2946,1.951219512,字符串,0.553125,54.95268293,97.39583333,86.97916667,37284.83333,1124039.875,10.41666667
2957,2.081081081,字符串,0.82440678,54.21432432,94,80,6896812.98,8852918.403,14
2968,2.2,字符串,0.85589942,47.55685714,90.63829787,76.59574468,70501345.87,41871877.91,14.04255319
2978,5.857142857,字符串,0.687222715,60.53071429,93.46938776,78.7755102,6216181.837,13182096.43,14.69387755
2945,2.219512195,字符串,0.304347826,50.54317073,95.74468085,84.04255319,1849456.17,26802545.83,11.70212766
2956,2.916666667,字符串,0.682088745,49.19638889,90.90909091,64.09090909,35515272.86,75005006.33,26.81818182
2305,3.451612903,图结构,0.896952381,45.05129032,100,89.5,7661.02,22595825.08,10.5
2316,4.9,图结构,0.899473684,55.866,100,88.4,7760.02,19624687.47,11.6
2348,3.266666667,图结构,0.746670126,50.73266667,98.93617021,75,20384309.15,5594964.468,23.93617021
2347,4.125,图结构,0.515451895,45.5953125,100,84.08163265,31474.04082,18437559.68,15.91836735
2235,2.606060606,图结构,0.881045752,52.46484848,100,91.37254902,16573.23529,71246290.42,8.62745098
2343,1.125,图结构,26.20833333,83.89375,92.5,68.33333333,24699035.54,10827.94444,24.16666667
2354,2.61971831,图结构,0.840562488,54.51225352,96.8627451,79.21568627,26465.7451,10966947.34,17.64705882
2331,3.303030303,图结构,0.88662002,51.86212121,98.40425532,85.63829787,563250.7234,27129772.08,12.76595745
2352,2.40625,图结构,0.419354839,50.9503125,98.95833333,88.02083333,84665.0625,79321327.46,10.9375
2704,1.388235294,图结构,0.523492908,56.99835294,98.21416667,83.03583333,18744.125,28499643.13,15.17833333
2374,1.869047619,数组,1.488372093,56.3322619,95.81395349,80,458841.3256,1802729.923,15.81395349
2470,2.216216216,数组,0.227956989,54.40135135,97.77777778,65.77777778,104760.6222,36969273.24,32
2393,1.894736842,数组,0.04964539,63.33763158,95.95744681,87.0212766,104820001.8,112059.3195,8.936170213
2469,2.026315789,数组,0.662946429,51.36578947,97.61904762,83.0952381,50456475.19,24946118.66,14.52380952
2384,1.657894737,数组,0.060444444,59.47552632,98.88888889,85.11111111,30895665.98,32272.03175,13.77777778
2521,2.119047619,排序算法,0.336936937,49.97952381,100,85.71428571,3410321.071,24115732.8,14.28571429
2532,2.128205128,排序算法,0.432824349,57.67,100,85.85365854,177070428.7,51839761.66,14.14634146
2497,1.625,排序算法,1.404448938,53.482,99.53488372,91.39534884,8389519.047,17726738.45,8.139534884
2519,1.880952381,排序算法,3.491193738,53.94833333,96.73469388,85.30612245,111482099.9,56514.91137,11.42857143
2529,1.941176471,排序算法,1.0856,0,99,83.6,2910201,22862610.47,15.4
2650,1.75,树结构,0.722142857,60.83083333,100,84.4,64092.54,5138563.254,15.6
2353,2.942857143,树结构,0.784090909,50.438,100,86.36363636,21441466.39,27091719.5,13.63636364
2524,3.972222222,树结构,0.505990134,56.73277778,99.61232558,89.53418605,179132790.4,68786764.46,10.07813953
2600,1.942857143,树结构,0.777588653,48.824,99.57446809,88.72340426,46145.31915,79966124.1,10.85106383
2400,3.566666667,树结构,0.400526316,53.84933333,98.6,83.2,48781955.9,15162938.12,15.4
2509,1.605263158,树结构,0.771546635,55.67868421,97.72727273,86.36363636,78463.84091,5496074.443,11.36363636
2605,2.638888889,树结构,0.472027972,45.0325,100,95,1713011.364,6451949.907,5
2549,1.837837838,树结构,0.77890556,58.46405405,97.27272727,76.59090909,184492380.9,4790255.441,20.68181818
2648,3.138888889,树结构,0.68115942,60.23138889,97.75510204,70,111073700.9,3321783.628,27.75510204
2540,3,树结构,0.7564,55.040625,100,94,187020.3,15913412.94,6
2660,1.630952381,树结构,0.449035813,50.00940476,97.95454545,92.27272727,29726.61364,5371214.839,5.681818182
2382,2.564102564,树结构,0.46,55.82384615,100,84.4,22552008.08,14524774.48,15.6
2416,2.081081081,树结构,0.27264239,52.62108108,98.43137255,84.31372549,1964703.02,33337747.01,14.11764706
2636,2.314285714,树结构,0.846469105,50.808,98.07692308,71.15384615,21406224.73,5256402.407,26.92307692
2657,2.235294118,树结构,0.769953052,47.59294118,98.62745098,83.7254902,180130.8824,4438688.513,14.90196078
2633,2.702702703,树结构,0.6348,55.11459459,99.6,75.2,8711608.34,15692577.51,24.4
2699,4.382352941,树结构,0.780892577,51.62441176,100,90.20408163,1093005.429,24883868.22,9.795918367
2599,2.171428571,树结构,0.839540816,47.876,100,86.12244898,1432396.816,4781686.935,13.87755102
2632,2.514285714,树结构,0.919207683,39.71342857,100,90.40816327,14809942.63,3718218.739,9.591836735
2654,1.5,树结构,0.688601645,57.92555556,98.47826087,71.08695652,9422217.5,5997739.426,27.39130435
2598,1.75,树结构,0.595695971,52.77194444,97.88461538,79.03846154,10233401.1,5772331.097,18.84615385
2631,3.216216216,树结构,0.883430295,46.31189189,99.21568627,84.70588235,1028148.529,2808463.882,14.50980392
2697,1.694444444,树结构,0.559931015,57.49055556,97.55102041,85.71428571,34216073.94,45276430.8,11.83673469
2696,2.571428571,树结构,0.796745725,54.02714286,100,74.69387755,68039125.16,3608303.567,25.30612245
2355,3.787878788,树结构,0.651791326,51.73424242,100,87.44186047,19247467.09,4694129.817,12.55813953
2695,2.2,树结构,0.892158969,42.21828571,99.79591837,93.06122449,30515.30612,4688086.209,6.734693878
2398,3.794117647,树结构,0.838455864,50.68176471,98.36734694,82.85714286,8614169.959,11908698.95,15.51020408
2638,1.837837838,树结构,0.866736075,50.76783784,99.80392157,80,49752089.53,4835717.088,19.80392157
2092,6.047619048,数字操作,0.496354167,52.11761905,98.44444444,79.55555556,30803582.58,99480831.09,18.88888889
2276,2.076923077,数字操作,0.692658459,0,98.62745098,94.11764706,166180.8235,27090156.59,4.509803922
2275,2.216216216,数字操作,0.214285714,53.81702703,100,93.33333333,141350.7451,110693420.8,6.666666667
2330,4.052631579,数字操作,0.084027778,0,98.54166667,83.54166667,39145083.02,25172563.02,15
2250,1.976190476,数字操作,0.531376518,47.42547619,95.26315789,53.94736842,90637328.34,85270586.93,41.31578947
2370,1.634146341,数字操作,0.260162601,57.86365854,98.53658537,82.68292683,79028301.05,12471252.49,15.85365854
2403,1.571428571,数字操作,0.260348584,0,100,89.80392157,1730433.157,675793.1969,10.19607843
2326,2.027027027,数字操作,0.594671202,51.82756757,99.79591837,76.53061224,44677855.59,158556.72,23.26530612
2402,1.1,数字操作,0.664565826,61.50575,100,80.39215686,1002889.412,7393.522727,19.60784314
2401,1.487179487,数字操作,0.242346939,53.78871795,100,86.93877551,91200.65306,31762360.9,13.06122449
2324,2.025,数字操作,0.512307692,0,100,87.6,176910.56,45765642,12.4
2367,1.756097561,数字操作,0.084724005,0,98.7804878,83.65853659,232457.4634,31161531.47,15.12195122
2421,2.162790698,数字操作,0.077380953,0,98.57142857,83.80952381,77478.45238,147665.914,14.76190476
2322,2.025641026,数字操作,0.170238095,58.2125641,97.38095238,76.9047619,2884913.762,725959.3039,20.47619048
2420,1.534883721,数字操作,0.165882353,59.41930233,99.6,90.8,45818.5,835996.6664,8.8
2321,3.216216216,数字操作,0.376765083,57.37648649,98.53658537,87.31707317,872518.9756,34244166.56,11.2195122
2409,2.046511628,数字操作,0.400297619,57.05930233,93.80952381,73.80952381,265312.5714,2037542.443,20
2408,2.261904762,数字操作,0.29109063,51.09833333,96.19047619,83.80952381,6763653.952,2651958.779,12.38095238
2407,1.697674419,数字操作,0.957142857,50.24976744,98.0952381,78.0952381,146301.2143,3870132.096,20
2329,1.972222222,数字操作,0.652777778,48.28972222,96.9047619,84.76190476,70379.92857,29233654.3,12.14285714
2364,1.512820513,数字操作,0.436190476,0,100,90,7983.62,75636.79659,10
2363,1.372093023,数字操作,0.218253968,62.04465116,98.57142857,86.66666667,32270.11905,108770.9322,11.9047619
2362,1.780487805,数字操作,2.46969697,50.77682927,100,93.63636364,48165.38636,4797832.945,6.363636364
2360,1.675675676,数字操作,0.175088132,53.83,98.37837838,69.72972973,287285.2432,25622.85484,28.64864865
2381,2.025,数字操作,0.639355742,51.14725,97.85714286,80.95238095,155632.9762,36995560.66,16.9047619
2239,2.384615385,数字操作,0.233686067,39.04717949,94.04761905,69.76190476,116952145.3,39840041.03,24.28571429
2379,1.75,数字操作,0.289377289,50.055,92.38095238,78.0952381,91008523.79,1219478.386,14.28571429
2411,1.88372093,数字操作,0.609230769,50.89093023,100,90.8,58961158.72,3515350.827,9.2
2377,2.186046512,数字操作,0.647586207,50.48511628,100,94.8,5544.2,694609.7766,5.2
2332,1.75,数字操作,0.062169312,51.305,97.61904762,80,123851647.5,15036904.19,17.61904762
2419,1.255813953,数字操作,0.105042017,62.96906977,99.52380952,90.95238095,51745776.52,11304.94445,8.571428571
2518,1.906976744,数字操作,0.38474026,50.59744186,96.66666667,66.9047619,60995749.5,9692313.195,29.76190476
2694,1.540540541,查找算法,0.24271978,57.71081081,98.57142857,89.52380952,18344.69048,21569441.68,9.047619048
2570,1.972222222,查找算法,0.072916667,58.97027778,98.25,78.25,43058589.65,26713207.55,20
2745,1.548780488,查找算法,0.565593489,50.22890244,98.57142857,85.71428571,19258.52381,15968689.88,12.85714286
2711,1.193181818,查找算法,0.475203376,54.43738636,98.33333333,78.0952381,78726832.24,1937118.61,20.23809524
2567,1.894736842,查找算法,0.933982684,59.32078947,99.20642857,75.39690476,1542643.929,43137810.53,23.80952381
2720,1.621621622,查找算法,0.627414799,44.93891892,100,93.61702128,6949997.915,107567.5167,6.382978723
2707,1.4375,查找算法,1.81748072,55.35177083,89.25,35.5,530165424.3,21123458.38,53.75
2706,2.111111111,查找算法,0.257312421,56.91194444,98.0952381,84.52380952,18808.64286,56372563.71,13.57142857
2717,1.76744186,查找算法,26.61904762,54.16523256,97.38095238,78.80952381,29489227.33,10859410.91,18.57142857
2716,3.654320988,查找算法,0.110227273,46.58876543,100,91.81818182,161421.6364,21484566.69,8.181818182
2705,1.662921348,查找算法,0.633169479,48.00752809,98.0952381,87.14285714,25164038.88,18877011.21,10.95238095
2726,1.297619048,查找算法,0.416220667,59.53416667,100,96.73469388,95900.12245,8663072.156,3.265306122
2715,2.261904762,查找算法,0.235008104,53.2247619,98.33333333,88.57142857,1685837.833,55745315.24,9.761904762
2703,2.926829268,查找算法,1.19616426,53.02780488,89.25,60.5,370547148.7,36056755.56,28.75
2573,2,线性表,0.074229692,65.59557692,98.0952381,82.61904762,1531558.738,1073925.789,15.47619048
2771,1.18,线性表,2.404761904,71.902,97.85714286,72.61904762,82558623.21,6492.389831,25.23809524
2594,1.115384615,线性表,0.409937888,58.67076923,98.57142857,87.14285714,1506494.048,439006.2759,11.42857143
2770,1.772727273,线性表,0.105042017,62.305,97.85714286,78.80952381,18889.40476,20034256.49,19.04761905
2670,1.358490566,线性表,1.839622642,64.5709434,100,81.50943396,70397.11321,34339400.21,18.49056604
2591,1.717391304,线性表,0.236394558,60.05130435,98.0952381,93.33333333,15034.7619,1269213.431,4.761904762
2768,1.367346939,线性表,0.681069959,66.2222449,98.7037037,93.33333333,8175.148148,4546162.836,5.37037037
2767,1.70212766,线性表,0.518707483,56.19319149,98.57142857,78.0952381,184591.0238,41419540.7,20.47619048
2766,1.28,线性表,0.53968254,67.7332,98.0952381,74.28571429,50839748.17,5388135.141,23.80952381
2545,1.44,线性表,0.447420635,59.2568,98.95833333,82.70833333,37259912.75,27481505.33,16.25
2765,1.166666667,线性表,0.793650793,70.82916667,98.57142857,79.52380952,459424.2381,31958.42857,19.04761905
2544,1.96,线性表,0.566,46.5128,97.6,90.4,656125.46,24084219.24,7.2
2764,1.234042553,线性表,0.477106227,60.68191489,96.66666667,85.23809524,30006.2381,35260.34483,11.42857143
2763,1.431818182,线性表,0.159663865,57.95181818,98.39285714,91.25,38126604.84,44073133.8,7.142857143
2762,1.133333333,线性表,0.26462766,0,99.57446809,87.65957447,39442.21277,39777.86275,11.91489362
2609,1.37254902,线性表,0.404545454,57.47058824,93.09090909,80,1778377.909,12406069.7,13.09090909
2905,1.113207547,线性表,1.954098361,76.31075472,100,93.03571429,16087861.82,113899.0848,6.964285714
2780,1.1875,线性表,0.710064635,68.3125,96.66666667,83.33333333,27432578.28,15784.52632,13.33333333
2779,1.3125,线性表,0.601415094,60.57229167,100,88.30188679,3620776.774,64506.71429,11.69811321
2778,1.340425532,线性表,0.690584416,64.44,100,95,8109.857143,420202.9206,5
2678,1.244897959,线性表,0.184397163,62.49979592,100,89.14893617,31170567.66,7734.721312,10.85106383
2777,1.450980392,线性表,0.624528302,61.33980392,100,96.22641509,711.4528302,18239.90541,3.773584906
2775,1.411764706,线性表,0.601298701,64.09647059,93.09090909,86.54545455,169113.2364,11739.375,6.545454545
2774,1.265306122,线性表,0.996453901,65.6155102,90.21276596,85.95744681,9134.489362,24874.64516,4.255319149
2476,1.361702128,线性表,0.398148148,58.96021277,100,92.96296296,11057.01852,113890.1563,7.037037037
2674,1.3125,线性表,0.741641337,0,89.59808511,84.39723404,330433.0426,53804.82539,5.200851064
2574,1.5,线性表,0.356209151,61.03192308,100,98.51851852,1873.740741,78725.52567,1.481481481
2772,1.18,线性表,5.722222223,76.1952,99.20619048,63.0952381,47995567.38,6576.288136,36.11095238
2475,1.145833333,线性表,0.454545455,63.10333333,100,86.76470588,8025670.451,9834.254548,13.23529412
2991,1.93220339,字符串,0.990243902,82.61389831,100,70.24390244,42893871.93,36938426.83,29.75609756
2980,1.764705882,字符串,0.716765873,50.48176471,100,93.75,742285.7679,13172075.89,6.25
2990,1.05,字符串,0.031746032,83.71116667,97.43589744,66.15384615,34741005.33,4446.365079,31.28205128
2988,1.166666667,字符串,1.215633423,74.81933333,100,90.56603774,40456.88679,4413.514286,9.433962264
2977,1.490566038,字符串,0.676655052,55.56924528,100,80.48780488,13234711.59,27101497.39,19.51219512
2966,1.325,字符串,0.966216216,53.31825,100,88.27586207,69536.08621,11470311.85,11.72413793
2987,1.209677419,字符串,1.227642276,75.9666129,98.04878049,69.75609756,14461475.83,12853181.67,28.29268293
2976,2.081632653,字符串,0.855873862,66.70571429,100,92.54385965,44860.80702,46454958.92,7.456140351
2965,1.38,字符串,0.256190476,63.9214,98.8,92.8,8258631.44,15389827.67,6
2986,1.4,字符串,0.778846154,51.887,93.75041667,84.72270833,8278746.271,34006610.89,9.027708333
2973,1.192307692,字符串,0.708188153,47.40980769,98.04878049,88.7804878,55613.60976,14024701.76,9.268292683
2983,1.872340426,字符串,0.812637122,36.6387234,100,92.0754717,126793.3208,13548489.32,7.924528302
2971,1.979591837,字符串,0.7,47.46959184,100,72.5,15160512.03,107635457.6,27.5
2948,1.745454545,字符串,0.401975684,51.80836364,97.23404255,51.4893617,114869114.9,41031818.36,45.74468085
2989,1.172413793,字符串,4.157142858,81.9887931,100,91.66666667,6185951.81,18984.86765,8.333333333
2967,1.294117647,字符串,0.670995671,46.07470588,95.41666667,87.5,1532842.625,58950.18182,7.916666667
2693,1.545454545,树结构,0.166666667,43.02590909,98.26086957,92.60869565,59352.30435,3803089.573,5.652173913
2744,1.152173913,树结构,0.765236318,44.32065217,97.91666667,83.33333333,57930907.04,9260.396229,14.58333333
2743,1.452380952,树结构,0.836199295,34.04666667,98.88888889,90,4859614.556,369149.623,8.888888889
2742,1.674418605,树结构,0.704891304,30.28069767,93.125,81.25,66692496.38,4957321.069,11.875
2708,2.409090909,树结构,0.663784158,36.67340909,97.55102041,78.97959184,3190023.918,4082773.236,18.57142857
2749,2.023809524,树结构,0.5281602,37.94690476,97.87234043,82.55319149,3513231.064,751602.7764,15.31914894
2902,1.14,树结构,0.655924479,58.0424,98.54166667,91.45833333,9552018.063,7244413.544,7.083333333
2782,1.866666667,树结构,0.81361298,56.36888889,98.42105263,85.52631579,27813830.68,56121.76189,12.89473684
2781,1.953488372,树结构,0.529550827,44.20418605,100,86,1624025.111,234883.0595,14
2713,1.888888889,树结构,0.468858801,36.94622222,94.46808511,85.95744681,98941.38298,5193757.777,8.510638298
2735,1.382978723,树结构,0.734351602,45.48212766,93.20754717,85.8490566,8422242.623,14353.9077,7.358490566
2757,1.75,树结构,0.813562634,41.72318182,99.06976744,92.09302326,20588.55814,132439.8182,6.976744186
2712,1.372093023,树结构,0.770956522,33.81627907,100,89.34782609,100499,20470025.22,10.65217391
2734,1.285714286,树结构,0.297207447,44.47666667,97.87234043,82.34042553,4985349.043,31907.22222,15.53191489
2733,1.973684211,树结构,0.858662614,35.12868421,100,97.87234043,201895.7872,1471506.44,2.127659574
2776,1.604166667,树结构,0.894873459,51.46833333,97.82608696,91.30434783,1872047.978,15396801.38,6.52173913
2698,1.70212766,树结构,0.694519928,48.77191489,99.16666667,81.04166667,72215360.79,4921801.925,18.125
2510,1.8,树结构,0.87937128,29.59,99.79166667,94.16666667,22930.89583,2387836.903,5.625
2652,2.382978723,树结构,0.782118056,44.25914894,98.65314815,91.91907407,23850.35185,8895556.197,6.734074074
2719,1.266666667,树结构,0.024710425,39.41511111,100,62.83783784,83259781.97,1216959.947,37.16216216
2758,1.531914894,树结构,0.735968379,48.7606383,100,60.86956522,1305952.957,9750344.887,39.13043478
2714,2.422222222,树结构,0.265497076,31.93533333,93.88888889,63.33333333,93104845.02,18685895.24,30.55555556
2736,1.319148936,树结构,0.897118233,43.44106383,98.72340426,90.63829787,12508.48936,13282.85484,8.085106383
2595,1.189655172,数字操作,1.673758865,69.86568966,100,74.46808511,35795046.74,5018240.319,25.53191489
2452,1.363636364,数字操作,0.308238636,62.88018182,100,55,58907296.64,66566.21333,45
2625,2.192307692,数字操作,0.127680312,54.35346154,97.36842105,72.63157895,118090413.1,35847406.79,24.73684211
2624,1.462962963,数字操作,0.028132992,43.80944444,97.82608696,62.42217391,179841.5,87450033.83,35.40391304
2623,1.309090909,数字操作,0.608437706,77.68290909,99.51219512,40.97560976,29592854.51,14300.88889,58.53658537
2622,2.473684211,数字操作,0.680434783,71.5,100,58.69565217,98155.41304,10138444.19,41.30434783
2621,1.448275862,数字操作,0.952845529,60.05206897,100,55.48780488,59488577.34,4962555.5,44.51219512
2620,1.186440678,数字操作,1.264227642,66.68898305,100,56.50414634,2193248.537,637352.9,43.49585366
2587,1.321428571,数字操作,1.096601073,58.41303571,98.25581395,92.44186047,32127044.42,81271.36489,5.813953488
2586,1.392857143,数字操作,1.686868687,58.87392857,96,72,71619173.87,45309.75641,24
2585,1.481481481,数字操作,0.687569989,51.12537037,96.45382979,53.19148936,54949302.94,3147821.675,43.26234043
2608,2.019230769,数字操作,0.419354839,46.73442308,98.60465116,73.02325581,190160081.5,64103177.89,25.58139535
2628,1.270833333,数字操作,1.311111111,48.55666667,97.77777778,57.33333333,27093054.87,6951496.935,40.44444444
2627,2.229166667,数字操作,1.85,61.46458333,98.92857143,87.38095238,61118084.88,29332614.52,11.54761905
2901,1.421052632,数字操作,3.955836617,65.04245614,88.99377358,54.40283019,236786422.2,31568.71605,34.5909434
2626,1.309090909,数字操作,0.535947712,52.52818182,92.36111111,59.72222222,180140765.1,31002830,32.63888889
2583,1.472727273,数字操作,0.085294118,0,97.05882353,49.01970588,178595944.5,32381629.46,48.03911765
2582,1.125,数字操作,0.032222222,65.45160714,98.14805556,68.98194444,218764601.8,8236.587301,29.16611111
2361,1.309090909,数字操作,0.003525264,43.98836364,95.13513514,74.95486486,18423641,80728.19448,20.18027027
2581,1.222222222,数字操作,0.43315508,59.4562963,96.36363636,80,22596793.36,71794.04546,16.36363636
2580,1.62962963,数字操作,0.288461538,0,97.7275,73.86386364,80969871.41,18249396.25,23.86363636
2899,1.206896552,数字操作,3.535016861,67.41431034,100,63.41463415,26232290.32,57615.61429,36.58536585
2613,1.673076923,数字操作,0.590643275,55.06692308,99.12289474,53.94763158,72244602.47,4900448.23,45.17526316
2414,1.407407407,数字操作,3.895833333,69.70481481,96,71.5,103968323.1,461593.3026,24.5
2612,1.693877551,数字操作,0.306878307,58.28755102,92.36111111,52.08333333,189812240.5,109963113.6,40.27777778
2413,1.641509434,数字操作,1.161654135,52.0309434,97.36842105,67.32447368,173455801.9,34685753.41,30.04394737
2895,1.160714286,数字操作,3.227096774,67.54732143,98.6666,76,21237962.18,639507.7385,22.6666
2410,2.018181818,数字操作,1.865384615,60.80581818,98.75,87.5,15198163.2,32154629.36,11.25
2619,1.31372549,数字操作,0.094117647,53.75254902,98.03921569,92.64705882,76288.47059,115302.1045,5.392156863
2418,1.4,数字操作,1.885714285,62.14545455,95.42857143,70.28571429,92118131.4,51253.72727,25.14285714
2616,1.20754717,数字操作,5.470588237,59.07622642,93.27735294,53.36176471,170035286.7,14821621.21,39.91558824
2417,1.214285714,数字操作,0.141544118,67.38321429,94.7915625,69.7915625,44054925.84,8718614.808,25
2756,1.208333333,图结构,0.059423769,34.785,95.91836735,70.51020408,213074273.2,37637.34482,25.40816327
2754,1.36,图结构,0.139937107,44.6336,91.66666667,55.55555556,218509294.6,45402.23529,36.11111111
2750,1.254901961,图结构,0.055607044,36.47803922,95.51288462,91.02576923,16721759.79,20495.9375,4.487115385
2571,1.217391304,查找算法,0.031045752,0,98.14805556,81.94444444,24150699.22,25606937.54,16.20361111
2746,1.4,查找算法,0.639288263,51.2436,100,82.85714286,17592395.26,3778617.371,17.14285714
2897,1.226415094,查找算法,1.91501586,59.23603774,99.48979592,80.10204082,96702159.39,32987.92307,19.3877551
2577,1.6875,查找算法,0.356469003,45.79770833,99.52830189,87.26415094,40396571.58,28622764.74,12.26415094
2753,1.34,查找算法,0.158179649,50.9644,98.57142857,69.52380952,77209421.93,75954.50746,29.04761905
2752,1.29787234,查找算法,0.774888627,45.30276596,100,84.76190476,21158.5,19662603.64,15.23809524
2751,1.857142857,查找算法,0.910043407,46.24469388,99.21568627,86.2745098,23244839.8,6297038.715,12.94117647
2640,1.294117647,查找算法,0.060805861,51.75941176,97.71428571,73.14285714,16351912.54,11008019.81,24.57142857
2709,1.217391304,查找算法,0.277817817,50.56152174,97.87234043,84.68085106,25367384.26,1482022.589,13.19148936
2748,2.66,查找算法,0.548679493,42.4476,100,78.57142857,54080381.76,4930299.248,21.42857143
2769,1.276595745,查找算法,0.744234109,51.24106383,100,94.64285714,64106.69048,1448740.666,5.357142857
2422,1.613636364,排序算法,0.573043841,70.03977273,95.6,83.2,47609255.24,41834986.38,12.4
2903,1.458333333,数组,0.781861449,51.16125,100,95.16129032,15548203.63,5676854.586,4.838709677
2893,1.294117647,数组,0.359341826,67.63784314,100,92,5149.1,6201654.439,8
2953,3.037735849,字符串,0.606244175,43.97584906,100,93.10344828,22258.12069,77948325.32,6.896551724
2588,2.058823529,数字操作,0.945652174,47.52098039,100,98.33333333,4668.683333,7965535.217,1.666666667
2350,2.2,图结构,0.923580137,31.32428571,96.61016949,61.01694915,71372553.54,40943184.82,35.59322034
